{
  "enabled": "checkbox",
  "license_key": "text",
  "license_status": "text",
  "license_expires": "text",

  "additional_ids_enabled": "checkbox",
  "dynamic_params_enabled": "checkbox",

  "enable_hide_this_tag_by_tags": "checkbox",
  "enable_hide_this_tag_by_url": "checkbox",

  "custom_thank_you_page_enabled": "checkbox",
  "woo_custom_thank_you_page_global_enabled": "checkbox",
  "woo_custom_thank_you_page_global_url": "text",
  "woo_custom_thank_you_page_global_cart": "radio",
  "edd_custom_thank_you_page_global_enabled": "checkbox",
  "edd_custom_thank_you_page_global_url": "text",
  "edd_custom_thank_you_page_global_cart": "radio",

  "remove_pixel_enabled": "checkbox",
  "amp_enabled": "checkbox",
  "fb_ext_pixel_id": "array",
  "ga_ext_pixel_id": "array",
  "ads_ext_pixel_id": "array"
}