{
  "enabled": true,
  "is_enable_debug_mode": "",
  "pixel_lang": "",
  "enhance_link_attribution": false,
  "anonimize_ip": false,
  "track_user_id": false,
  "tracking_id": "",
  "optimize_enabled": false,
  "optimize_id": "",

  "hide_this_tag": false,
  "hide_this_tag_contain": [],
  "hide_this_tag_timeout": 24,

  "hide_this_url": false,
  "hide_this_url_contain": [],

  "use_server_api": false,
  "server_access_api_token": "",


  "cross_domain_enabled": false,
  "cross_domain_accept_incoming": false,
  "cross_domain_domains": [],
  "enable_anti_flicker": true,
  "anti_flicker_timeout": 4000,

  "woo_variable_as_simple": true,
  "woo_variations_use_parent_name": false,
  "woo_content_id": "product_id",
  "woo_content_id_prefix": "",
  "woo_content_id_suffix": "",

  "woo_frequent_shopper_enabled": true,
  "woo_vip_client_enabled": true,
  "woo_big_whale_enabled": true,
  "woo_purchase_enabled": true,
  "woo_initiate_checkout_enabled": true,
  
  "woo_initiate_set_checkout_option_enabled": true,
  "woo_initiate_checkout_progress_f_enabled": true,
  "woo_initiate_checkout_progress_l_enabled": true,
  "woo_initiate_checkout_progress_e_enabled": true,
  "woo_initiate_checkout_progress_o_enabled": true,


  "woo_remove_from_cart_enabled": true,
  "woo_add_to_cart_enabled": true,
  "woo_view_content_enabled": true,
  "woo_view_category_enabled": true,
  "woo_affiliate_enabled": true,
  "woo_paypal_enabled": true,
  "woo_select_content_enabled": true,
  "woo_view_item_list_enabled": true,

  "edd_content_id": "download_id",
  "edd_content_id_prefix": "",
  "edd_content_id_suffix": "",

  "edd_frequent_shopper_enabled": true,
  "edd_vip_client_enabled": true,
  "edd_big_whale_enabled": true,
  "edd_purchase_enabled": true,
  "edd_initiate_checkout_enabled": true,
  "edd_remove_from_cart_enabled": true,
  "edd_add_to_cart_enabled": true,
  "edd_view_content_enabled": true,
  "edd_view_category_enabled": true,

  "click_event_non_interactive": true,
  "watchvideo_event_non_interactive": false,
  "complete_registration_event_non_interactive": false,
  "form_event_non_interactive": false,
  "comment_event_non_interactive": false,
  "download_event_non_interactive": false,
  "woo_frequent_shopper_non_interactive": true,
  "woo_vip_client_non_interactive": true,
  "woo_big_whale_non_interactive": true,
  "woo_purchase_non_interactive": true,
  "woo_initiate_checkout_non_interactive": true,
  "woo_remove_from_cart_non_interactive": false,
  "woo_add_to_cart_non_interactive": false,
  "woo_view_content_non_interactive": true,
  "woo_view_category_non_interactive": true,
  "woo_affiliate_non_interactive": false,
  "woo_paypal_non_interactive": false,
  "edd_frequent_shopper_non_interactive": true,
  "edd_vip_client_non_interactive": true,
  "edd_big_whale_non_interactive": true,
  "edd_purchase_non_interactive": true,
  "edd_initiate_checkout_non_interactive": true,
  "edd_remove_from_cart_non_interactive": false,
  "edd_add_to_cart_non_interactive": false,
  "edd_view_content_non_interactive": true,
  "edd_view_category_non_interactive": true,

  "disable_advertising_features": false,
  "disable_advertising_personalization": false,

  "wcf_cart_flows_event_enabled": true,
  "wcf_step_event_enabled": true,
  "wcf_bump_event_enabled": true,
  "wcf_pixel_id": "",

  "automatic_event_internal_link_enabled": true,
  "automatic_event_outbound_link_enabled": true,
  "automatic_event_video_enabled": true,
  "automatic_event_video_youtube_disabled": false,
  "automatic_event_tel_link_enabled": true,
  "automatic_event_email_link_enabled": true,
  "automatic_event_form_enabled": true,
  "automatic_event_signup_enabled": true,
  "automatic_event_login_enabled": true,
  "automatic_event_download_enabled": true,
  "automatic_event_comment_enabled": true,
  "automatic_event_adsense_enabled": true,
  "automatic_event_scroll_enabled": true,
  "automatic_event_time_on_page_enabled": true,
  "automatic_event_search_enabled": true,


  "automatic_event_internal_link_non_interactive_enabled": false,
  "automatic_event_outbound_link_non_interactive_enabled": false,
  "automatic_event_video_non_interactive_enabled": false,
  "automatic_event_tel_link_non_interactive_enabled": false,
  "automatic_event_email_link_non_interactive_enabled": false,
  "automatic_event_form_non_interactive_enabled": false,
  "automatic_event_signup_non_interactive_enabled": false,
  "automatic_event_login_non_interactive_enabled": false,
  "automatic_event_download_non_interactive_enabled": false,
  "automatic_event_comment_non_interactive_enabled": false,
  "automatic_event_adsense_non_interactive_enabled": false,
  "automatic_event_scroll_non_interactive_enabled": false,
  "automatic_event_time_on_page_non_interactive_enabled": false,
  "automatic_event_search_non_interactive_enabled": false,

  "woo_enable_list_shop" : true,
  "woo_enable_list_related" : true,
  "woo_enable_list_category" : true,
  "woo_enable_list_tags" : true,
  "woo_enable_list_shortcodes" : true,

  "woo_track_item_list_id" : false,
  "woo_track_item_list_name": false,

  "woo_view_item_list_track_name": false
}