{
  "enabled": "checkbox",
  "is_enable_debug_mode": "array",
  "pixel_lang": "array_v",
  "enhance_link_attribution": "checkbox",
  "anonimize_ip": "checkbox",
  "track_user_id": "checkbox",
  "tracking_id": "array",
  "optimize_enabled": "checkbox",
  "optimize_id": "text",

  "hide_this_tag": "checkbox",
  "hide_this_tag_contain": "multi_select",
  "hide_this_tag_timeout": "number",

  "hide_this_url": "checkbox",
  "hide_this_url_contain": "multi_select",

  "use_server_api": "checkbox",
  "server_access_api_token": "array_v",

  "cross_domain_enabled": "checkbox",
  "cross_domain_accept_incoming": "checkbox",
  "cross_domain_domains": "array",
  "enable_anti_flicker": "checkbox",
  "anti_flicker_timeout": "text",

  "woo_variable_as_simple": "checkbox",
  "woo_variations_use_parent_name": "checkbox",
  "woo_content_id": "select",
  "woo_content_id_prefix": "text",
  "woo_content_id_suffix": "text",

  "woo_frequent_shopper_enabled": "checkbox",
  "woo_vip_client_enabled": "checkbox",
  "woo_big_whale_enabled": "checkbox",
  "woo_purchase_enabled": "checkbox",

  "woo_initiate_checkout_enabled": "checkbox",
  "woo_initiate_checkout_progress_f_enabled": "checkbox",
  "woo_initiate_checkout_progress_l_enabled": "checkbox",
  "woo_initiate_checkout_progress_e_enabled": "checkbox",
  "woo_initiate_checkout_progress_o_enabled": "checkbox",

  "woo_remove_from_cart_enabled": "checkbox",
  "woo_add_to_cart_enabled": "checkbox",
  "woo_view_content_enabled": "checkbox",
  "woo_view_category_enabled": "checkbox",
  "woo_affiliate_enabled": "checkbox",
  "woo_paypal_enabled": "checkbox",
  "woo_select_content_enabled": "checkbox",
  "woo_view_item_list_enabled": "checkbox",

  "edd_content_id": "select",
  "edd_content_id_prefix": "text",
  "edd_content_id_suffix": "text",

  "edd_frequent_shopper_enabled": "checkbox",
  "edd_vip_client_enabled": "checkbox",
  "edd_big_whale_enabled": "checkbox",
  "edd_purchase_enabled": "checkbox",
  "edd_initiate_checkout_enabled": "checkbox",
  "edd_remove_from_cart_enabled": "checkbox",
  "edd_add_to_cart_enabled": "checkbox",
  "edd_view_content_enabled": "checkbox",
  "edd_view_category_enabled": "checkbox",

  "click_event_non_interactive": "checkbox",
  "watchvideo_event_non_interactive": "checkbox",
  "complete_registration_event_non_interactive": "checkbox",
  "form_event_non_interactive": "checkbox",
  "comment_event_non_interactive": "checkbox",
  "download_event_non_interactive": "checkbox",
  "woo_frequent_shopper_non_interactive": "checkbox",
  "woo_vip_client_non_interactive": "checkbox",
  "woo_big_whale_non_interactive": "checkbox",
  "woo_purchase_non_interactive": "checkbox",
  "woo_initiate_checkout_non_interactive": "checkbox",
  "woo_remove_from_cart_non_interactive": "checkbox",
  "woo_add_to_cart_non_interactive": "checkbox",
  "woo_view_content_non_interactive": "checkbox",
  "woo_view_category_non_interactive": "checkbox",
  "woo_affiliate_non_interactive": "checkbox",
  "woo_paypal_non_interactive": "checkbox",
  "edd_frequent_shopper_non_interactive": "checkbox",
  "edd_vip_client_non_interactive": "checkbox",
  "edd_big_whale_non_interactive": "checkbox",
  "edd_purchase_non_interactive": "checkbox",
  "edd_initiate_checkout_non_interactive": "checkbox",
  "edd_remove_from_cart_non_interactive": "checkbox",
  "edd_add_to_cart_non_interactive": "checkbox",
  "edd_view_content_non_interactive": "checkbox",
  "edd_view_category_non_interactive": "checkbox",

  "disable_advertising_features": "checkbox",
  "disable_advertising_personalization": "checkbox",

  "wcf_cart_flows_event_enabled": "checkbox",
  "wcf_step_event_enabled": "checkbox",
  "wcf_bump_event_enabled": "checkbox",
  "wcf_pixel_id": "text",

  "automatic_event_internal_link_enabled": "checkbox",
  "automatic_event_outbound_link_enabled": "checkbox",
  "automatic_event_video_enabled": "checkbox",
  "automatic_event_video_youtube_disabled": "checkbox",
  "automatic_event_tel_link_enabled": "checkbox",
  "automatic_event_email_link_enabled": "checkbox",
  "automatic_event_form_enabled": "checkbox",
  "automatic_event_signup_enabled": "checkbox",
  "automatic_event_login_enabled": "checkbox",
  "automatic_event_download_enabled": "checkbox",
  "automatic_event_comment_enabled": "checkbox",
  "automatic_event_adsense_enabled": "checkbox",
  "automatic_event_scroll_enabled": "checkbox",
  "automatic_event_time_on_page_enabled": "checkbox",
  "automatic_event_search_enabled": "checkbox",

  "automatic_event_internal_link_non_interactive_enabled": "checkbox",
  "automatic_event_outbound_link_non_interactive_enabled": "checkbox",
  "automatic_event_video_non_interactive_enabled": "checkbox",
  "automatic_event_tel_link_non_interactive_enabled": "checkbox",
  "automatic_event_email_link_non_interactive_enabled": "checkbox",
  "automatic_event_form_non_interactive_enabled": "checkbox",
  "automatic_event_signup_non_interactive_enabled": "checkbox",
  "automatic_event_login_non_interactive_enabled": "checkbox",
  "automatic_event_download_non_interactive_enabled": "checkbox",
  "automatic_event_comment_non_interactive_enabled": "checkbox",
  "automatic_event_adsense_non_interactive_enabled": "checkbox",
  "automatic_event_scroll_non_interactive_enabled": "checkbox",
  "automatic_event_time_on_page_non_interactive_enabled": "checkbox",
  "automatic_event_search_non_interactive_enabled": "checkbox",

  "woo_enable_list_shop" : "checkbox",
  "woo_enable_list_related" : "checkbox",
  "woo_enable_list_category" : "checkbox",
  "woo_enable_list_tags" : "checkbox",
  "woo_enable_list_shortcodes" : "checkbox",

  "woo_track_item_list_id" : "checkbox",
  "woo_track_item_list_name": "checkbox",

  "woo_view_item_list_track_name": "checkbox"
}