{"facets":[{"name":"categories","label":"Categories","type":"checkboxes","source":"tax/category","parent_term":"","hierarchical":"no","show_expanded":"no","ghosts":"no","preserve_ghosts":"no","operator":"and","orderby":"count","count":"10","soft_limit":"5"}],"templates":[{"name":"blog_posts","label":"Blog posts","query":"","template":"","layout":{"items":[{"type":"row","items":[{"type":"col","items":[{"type":"item","source":"post_title","settings":{"link":{"type":"post","href":"","target":""},"prefix":"","suffix":"","border":{"style":"none","color":"","width":{"unit":"px","top":0,"right":0,"bottom":0,"left":0}},"background_color":"","padding":{"unit":"px","top":0,"right":0,"bottom":0,"left":0},"text_color":"","text_style":{"align":"","bold":false,"italic":false},"font_size":{"unit":"px","size":0},"name":"el-fz703r","css_class":"","is_hidden":""}}],"settings":{"border":{"style":"none","color":"","width":{"unit":"px","top":0,"right":0,"bottom":0,"left":0}},"background_color":"","padding":{"unit":"px","top":0,"right":0,"bottom":0,"left":0},"text_color":"","text_style":{"align":"","bold":false,"italic":false},"font_size":{"unit":"px","size":0},"name":"el-1tvcxf","css_class":""}}],"settings":{"grid_template_columns":"1fr","border":{"style":"none","color":"","width":{"unit":"px","top":0,"right":0,"bottom":0,"left":0}},"background_color":"","padding":{"unit":"px","top":0,"right":0,"bottom":0,"left":0},"text_color":"","text_style":{"align":"","bold":false,"italic":false},"font_size":{"unit":"px","size":0},"name":"el-8cjrpw","css_class":""}}],"settings":{"num_columns":1,"grid_gap":10,"border":{"style":"none","color":"","width":{"unit":"px","top":0,"right":0,"bottom":0,"left":0}},"background_color":"","padding":{"unit":"px","top":0,"right":0,"bottom":0,"left":0},"text_color":"","text_style":{"align":"","bold":false,"italic":false},"font_size":{"unit":"px","size":0},"name":"el-hkhimk","css_class":"","custom_css":""}},"query_obj":{"post_type":[{"label":"Posts","value":"post"}],"posts_per_page":10,"orderby":[{"key":"date","order":"DESC","type":"CHAR"}],"filters":[]},"modes":{"display":"visual","query":"visual"}}],"settings":{"thousands_separator":",","decimal_separator":".","prefix":"_","strict_query_detection":"yes"}}