{
  "license_key": "",
  "license_status": "",
  "license_expires" : "",
  "debug_enabled": false,
  "google_retargeting_logic": "ecomm",

  "gdpr_facebook_prior_consent_enabled": true,
  "gdpr_tiktok_prior_consent_enabled": true,
  "gdpr_analytics_prior_consent_enabled": true,
  "gdpr_google_ads_prior_consent_enabled": true,
  "gdpr_pinterest_prior_consent_enabled": true,
  "gdpr_bing_prior_consent_enabled": true,
  "gdpr_cookiebot_integration_enabled": false,
  "gdpr_cookiebot_facebook_consent_category": "marketing",
  "gdpr_cookiebot_tiktok_consent_category": "marketing",
  "gdpr_cookiebot_analytics_consent_category": "statistics",
  "gdpr_cookiebot_google_ads_consent_category": "marketing",
  "gdpr_cookiebot_pinterest_consent_category": "marketing",
  "gdpr_cookiebot_bing_consent_category": "marketing",
  "gdpr_cookie_notice_integration_enabled": false,
  "gdpr_cookie_law_info_integration_enabled": false,
  "consent_magic_integration_enabled": true,
  "gdpr_ajax_enabled": false,
  "gdpr_real_cookie_banner_integration_enabled": false,

  "block_robot_enabled": false,
  "block_ip_enabled": false,
  "blocked_ips": [],

  "do_not_track_user_roles": [],
  "admin_permissions": [ "administrator" ],
  "custom_events_enabled": true,
  "track_utms": true,
  "track_traffic_source": true,

  "woo_add_to_cart_on_button_click": true,
  "woo_add_to_cart_on_cart_page": false,
  "woo_add_to_cart_on_checkout_page": false,
  "woo_event_value": "price",
  "woo_tax_option": "included",
  "woo_shipping_option": "included",
  "woo_ltv_order_statuses": [
    "wc-pending",
    "wc-processing",
    "wc-on-hold",
    "wc-completed"
  ],
  "woo_frequent_shopper_transactions": 2,
  "woo_vip_client_transactions": 3,
  "woo_vip_client_average_value": 200,
  "woo_big_whale_ltv": 500,
  "woo_purchase_on_transaction": true,
  "woo_purchase_value_option": "price",
  "woo_purchase_value_percent": 0,
  "woo_purchase_value_global": 0,
  "woo_initiate_checkout_value_enabled": true,
  "woo_initiate_checkout_value_option": "price",
  "woo_initiate_checkout_value_percent": 0,
  "woo_initiate_checkout_value_global": 0,
  "woo_add_to_cart_value_enabled": true,
  "woo_add_to_cart_value_option": "price",
  "woo_add_to_cart_value_percent": 0,
  "woo_add_to_cart_value_global": 0,
  "woo_view_content_value_enabled": true,
  "woo_view_content_delay": 0,
  "woo_view_content_value_option": "price",
  "woo_view_content_value_percent": 0,
  "woo_view_content_value_global": 0,
  "woo_affiliate_value_enabled": false,
  "woo_affiliate_value_option": "price",
  "woo_affiliate_value_global": 0,
  "woo_affiliate_event_type": "Lead",
  "woo_affiliate_custom_event_type": "",
  "woo_paypal_value_enabled": false,
  "woo_paypal_value_option": "price",
  "woo_paypal_value_global": 0,
  "woo_paypal_event_type": "AddPaymentInfo",
  "woo_paypal_custom_event_type": "",
  "woo_add_to_cart_catch_method": "add_cart_hook",
  "woo_purchase_not_fire_for_zero": false,
  "woo_purchase_not_fire_for_zero_items": false,
  "woo_advance_purchase_fb_enabled": true,
  "woo_advance_purchase_ga_enabled": true,
  "woo_last_export_date": "",

  "edd_add_to_cart_on_button_click": true,
  "edd_add_to_cart_on_checkout_page": false,
  "edd_event_value": "price",
  "edd_tax_option": "included",
  "edd_ltv_order_statuses": [
    "publish"
  ],
  "edd_frequent_shopper_transactions": 2,
  "edd_vip_client_transactions": 3,
  "edd_vip_client_average_value": 200,
  "edd_big_whale_ltv": 500,
  "edd_purchase_on_transaction": true,
  "edd_purchase_value_option": "price",
  "edd_purchase_value_percent": 0,
  "edd_purchase_value_global": 0,
  "edd_initiate_checkout_value_enabled": true,
  "edd_initiate_checkout_value_option": "price",
  "edd_initiate_checkout_value_percent": 0,
  "edd_initiate_checkout_value_global": 0,
  "edd_add_to_cart_value_enabled": true,
  "edd_add_to_cart_value_option": "price",
  "edd_add_to_cart_value_percent": 0,
  "edd_add_to_cart_value_global": 0,
  "edd_view_content_delay": 0,
  "edd_view_content_value_enabled": true,
  "edd_view_content_value_option": "price",
  "edd_view_content_value_percent": 0,
  "edd_view_content_value_global": 0,
  "edd_purchase_not_fire_for_zero": false,
  "edd_purchase_not_fire_for_zero_items": false,
  "edd_enabled_purchase_recurring": true,
  "edd_advance_purchase_fb_enabled": true,
  "edd_advance_purchase_ga_enabled": true,
  "edd_last_export_date": "",
  "edd_order_id_prefix": "",

  "woo_order_id_prefix": "",
  "woo_purchase_value_cog": "",
  "woo_content_value_cog": "",
  "woo_add_to_cart_value_cog": "",
  "woo_initiate_checkout_value_cog": "",

  "woo_order_purchase_disabled_status": [
    "wc-error"
  ],
  "woo_frequent_shopper_enabled" : false,
  "woo_complete_registration_enabled": false,
  "woo_vip_client_enabled": false,
  "woo_big_whale_enabled": false,
  "woo_purchase_enabled": true,
  "woo_initiate_checkout_enabled": true,
  "woo_remove_from_cart_enabled": false,
  "woo_add_to_cart_enabled": true,
  "woo_view_content_enabled": true,
  "woo_view_category_enabled": true,
  "woo_view_item_list_enabled": true,
  "woo_affiliate_enabled": false,
  "woo_paypal_enabled":false,
  "woo_checkout_steps_enabled": false,
  "woo_add_enrich_to_admin_email": true,
  "woo_track_refunds_GA" : false,

  "fdp_enabled": false,
  "edd_frequent_shopper_enabled": false,
  "edd_vip_client_enabled": false,
  "edd_big_whale_enabled": false,
  "edd_purchase_enabled": true,
  "edd_initiate_checkout_enabled": true,
  "edd_remove_from_cart_enabled": false,
  "edd_add_to_cart_enabled": true,
  "edd_view_content_enabled": true,
  "edd_view_category_enabled": true,
  "edd_track_refunds_GA" : false,

  "enable_event_url_param": true,
  "enable_remove_source_url_params": true,
  "enable_lading_page_param" : true,

  "woo_enabled_save_data_to_orders": true,
  "woo_enabled_save_data_to_user": true,
  "edd_enabled_save_data_to_orders": true,
  "edd_enabled_save_data_to_user": true,
  "cookie_duration": 7,
  "last_visit_duration": 60,

  "enable_content_name_param": true,
  "enable_page_title_param" : true,
  "enable_post_type_param": true,
  "enable_post_id_param": true,
  "enable_user_role_param": true,
  "enable_event_time_param": true,
  "enable_event_day_param": true,
  "enable_event_month_param": true,
  "enable_tags_param": true,
  "enable_categories_param": true,
  "enable_post_category_param": true,
  "enable_woo_category_name_param": true,
  "enable_woo_num_items_param": true,
  "enable_woo_total_param": true,
  "enable_woo_transactions_count_param": false,
  "enable_woo_predicted_ltv_param": false,
  "enable_woo_average_order_param": false,
  "enable_woo_coupon_used_param": true,
  "enable_woo_coupon_name_param": true,
  "enable_woo_tax_param": false,
  "enable_woo_shipping_param": false,
  "enable_woo_shipping_cost_param": false,
  "enable_woo_brand": false,
  "woo_brand_taxonomy": "",
  "woo_brand_taxonomy_plugin": ["autodetect"],
  "enable_woo_tags_param": true,

  "enable_edd_category_name_param": true,
  "enable_edd_tax_param": false,
  "enable_edd_num_items_param": true,
  "enable_remove_target_url_param": true,
  "enable_remove_download_url_param": true,
  "enable_edd_tags_param": true,
  "enable_edd_total_param": false,
  "enable_edd_coupon_param": true,


  "wcf_sell_step_view_content_enabled": true,
  "wcf_enabled": true,
  "wcf_lead_event_enabled": true,
  "wcf_cart_flows_event_enabled": true,
  "wcf_step_event_enabled": true,
  "wcf_lead_enabled": true,
  "wcf_purchase_on_optin_enabled": true,
  "wcf_add_to_cart_on_bump_click_enabled": true,
  "wcf_global_cartflows_parameter_enabled": true,
  "wcf_global_cartflows_flow_parameter_enabled": true,
  "wcf_global_cartflows_step_parameter_enabled": true,
  "wcf_bump_event_enabled": true,
  "wcf_purchase_on": "all",
  "logs_enable": false,

  "automatic_events_enabled": false,
  "automatic_event_internal_link_enabled": true,
  "automatic_event_outbound_link_enabled": true,
  "automatic_event_video_enabled": true,
  "automatic_event_video_youtube_enabled": true,
  "automatic_event_video_vimeo_enabled": true,
  "automatic_event_tel_link_enabled": true,
  "automatic_event_email_link_enabled": true,
  "automatic_event_form_enabled": true,
  "automatic_event_signup_enabled": true,
  "automatic_event_login_enabled": true,
  "automatic_event_download_enabled": true,
  "automatic_event_comment_enabled": true,
  "automatic_event_adsense_enabled": true,
  "automatic_event_scroll_enabled": true,
  "automatic_event_time_on_page_enabled": true,
  "automatic_event_search_enabled": true,
  "automatic_event_scroll_value": 30,
  "automatic_event_time_on_page_value": 30,
  "automatic_event_download_extensions": [
    "doc",
    "exe",
    "js",
    "pdf",
    "ppt",
    "tgz",
    "zip",
    "xls"
  ],

  "woo_checkout_page_ids": [],
  "visit_data_model": "first_visit",
  "enable_auto_save_advance_matching": true,
  "advance_matching_fn_names": ["first_name","first-name","first name","name"],
  "advance_matching_ln_names": ["last_name","last-name","last name"],
  "advance_matching_tel_names": ["phone","tel"],
  "compress_front_js": false,

  "enable_success_send_form": false,
  "hide_version_plugin_in_console": false,

  "send_external_id": true,
  "external_id_expire": 180,
  "server_event_use_ajax": true
}