{
  "license_key": "text",
  "license_status": "text",
  "license_expires" : "text",
  "debug_enabled": "checkbox",
  "google_retargeting_logic": "radio",
  "visit_data_model": "radio",

  "gdpr_facebook_prior_consent_enabled": "checkbox",
  "gdpr_tiktok_prior_consent_enabled": "checkbox",
  "gdpr_analytics_prior_consent_enabled": "checkbox",
  "gdpr_google_ads_prior_consent_enabled": "checkbox",
  "gdpr_pinterest_prior_consent_enabled": "checkbox",
  "gdpr_bing_prior_consent_enabled": "checkbox",
  "gdpr_cookiebot_integration_enabled": "checkbox",
  "gdpr_cookiebot_facebook_consent_category": "text",
  "gdpr_cookiebot_tiktok_consent_category": "text",
  "gdpr_cookiebot_analytics_consent_category": "text",
  "gdpr_cookiebot_google_ads_consent_category": "text",
  "gdpr_cookiebot_pinterest_consent_category": "text",
  "gdpr_cookiebot_bing_consent_category": "text",
  "gdpr_cookie_notice_integration_enabled": "checkbox",
  "gdpr_cookie_law_info_integration_enabled": "checkbox",
  "consent_magic_integration_enabled": "checkbox",
  "gdpr_ajax_enabled": "checkbox",
  "gdpr_real_cookie_banner_integration_enabled": "checkbox",

  "block_robot_enabled": "checkbox",
  "block_ip_enabled": "checkbox",
  "blocked_ips": "multi_select",

  "do_not_track_user_roles": "multi_select",
  "admin_permissions": "multi_select",
  "custom_events_enabled": "checkbox",
  "track_utms": "checkbox",
  "track_traffic_source": "checkbox",

  "woo_add_to_cart_on_button_click": "checkbox",
  "woo_add_to_cart_on_cart_page": "checkbox",
  "woo_add_to_cart_on_checkout_page": "checkbox",
  "woo_event_value": "radio",
  "woo_tax_option": "select",
  "woo_shipping_option": "select",
  "woo_ltv_order_statuses": "multi_select",
  "woo_frequent_shopper_transactions": "number",
  "woo_vip_client_transactions": "number",
  "woo_vip_client_average_value": "number",
  "woo_big_whale_ltv": "number",
  "woo_purchase_on_transaction": "checkbox",
  "woo_purchase_value_option": "radio",
  "woo_purchase_value_percent": "number",
  "woo_purchase_value_global": "number",
  "woo_initiate_checkout_value_enabled": "checkbox",
  "woo_initiate_checkout_value_option": "radio",
  "woo_initiate_checkout_value_percent": "number",
  "woo_initiate_checkout_value_global": "number",
  "woo_add_to_cart_value_enabled": "checkbox",
  "woo_add_to_cart_value_option": "radio",
  "woo_add_to_cart_value_percent": "number",
  "woo_add_to_cart_value_global": "number",
  "woo_view_content_value_enabled": "checkbox",
  "woo_view_content_delay": "number",
  "woo_view_content_value_option": "radio",
  "woo_view_content_value_percent": "number",
  "woo_view_content_value_global": "number",
  "woo_affiliate_value_enabled": "checkbox",
  "woo_affiliate_value_option": "radio",
  "woo_affiliate_value_global": "number",
  "woo_affiliate_event_type": "select",
  "woo_affiliate_custom_event_type": "text",
  "woo_paypal_value_enabled": "checkbox",
  "woo_paypal_value_option": "radio",
  "woo_paypal_value_global": "number",
  "woo_paypal_event_type": "select",
  "woo_paypal_custom_event_type": "text",
  "woo_add_to_cart_catch_method": "select",
  "woo_purchase_not_fire_for_zero": "checkbox",
  "woo_purchase_not_fire_for_zero_items": "checkbox",
  "woo_add_enrich_to_admin_email": "checkbox",
  "woo_advance_purchase_fb_enabled": "checkbox",
  "woo_advance_purchase_ga_enabled": "checkbox",
  "woo_last_export_date": "text",

  "edd_advance_purchase_fb_enabled": "checkbox",
  "edd_advance_purchase_ga_enabled": "checkbox",

  "edd_add_to_cart_on_button_click": "checkbox",
  "edd_add_to_cart_on_checkout_page": "checkbox",
  "edd_event_value": "radio",
  "edd_tax_option": "select",
  "edd_ltv_order_statuses": "multi_select",
  "edd_frequent_shopper_transactions": "number",
  "edd_vip_client_transactions": "number",
  "edd_vip_client_average_value": "number",
  "edd_big_whale_ltv": "number",
  "edd_purchase_on_transaction": "checkbox",
  "edd_purchase_value_option": "radio",
  "edd_purchase_value_percent": "number",
  "edd_purchase_value_global": "number",
  "edd_initiate_checkout_value_enabled": "checkbox",
  "edd_initiate_checkout_value_option": "radio",
  "edd_initiate_checkout_value_percent": "number",
  "edd_initiate_checkout_value_global": "number",
  "edd_add_to_cart_value_enabled": "checkbox",
  "edd_add_to_cart_value_option": "radio",
  "edd_add_to_cart_value_percent": "number",
  "edd_add_to_cart_value_global": "number",
  "edd_view_content_delay": "number",
  "edd_view_content_value_enabled": "checkbox",
  "edd_view_content_value_option": "radio",
  "edd_view_content_value_percent": "number",
  "edd_view_content_value_global": "number",
  "edd_purchase_not_fire_for_zero": "checkbox",
  "edd_purchase_not_fire_for_zero_items": "checkbox",
  "edd_enabled_purchase_recurring": "checkbox",
  "edd_last_export_date": "text",
  "edd_order_id_prefix": "text",

  "woo_order_id_prefix": "text",
  "woo_purchase_value_cog": "radio",
  "woo_content_value_cog": "radio",
  "woo_add_to_cart_value_cog": "radio",
  "woo_initiate_checkout_value_cog": "radio",
  "woo_order_purchase_disabled_status": "revert_array",
  "woo_frequent_shopper_enabled" : "checkbox",
  "woo_complete_registration_enabled": "checkbox",
  "woo_vip_client_enabled": "checkbox",
  "woo_big_whale_enabled": "checkbox",
  "woo_purchase_enabled": "checkbox",
  "woo_initiate_checkout_enabled": "checkbox",
  "woo_remove_from_cart_enabled": "checkbox",
  "woo_add_to_cart_enabled": "checkbox",
  "woo_view_content_enabled": "checkbox",
  "woo_view_category_enabled": "checkbox",
  "woo_view_item_list_enabled":"checkbox",
  "woo_affiliate_enabled":"checkbox",
  "woo_paypal_enabled":"checkbox",
  "woo_checkout_steps_enabled":"checkbox",
  "woo_track_refunds_GA" : "checkbox",


  "fdp_enabled": "checkbox",
  "edd_frequent_shopper_enabled": "checkbox",
  "edd_vip_client_enabled": "checkbox",
  "edd_big_whale_enabled":"checkbox",
  "edd_purchase_enabled":"checkbox",
  "edd_initiate_checkout_enabled":"checkbox",
  "edd_remove_from_cart_enabled":"checkbox",
  "edd_add_to_cart_enabled":"checkbox",
  "edd_view_content_enabled":"checkbox",
  "edd_view_category_enabled":"checkbox",
  "edd_track_refunds_GA" : "checkbox",

  "enable_event_url_param":"checkbox",
  "enable_remove_source_url_params": "checkbox",
  "enable_lading_page_param" : "checkbox",

  "woo_enabled_save_data_to_orders": "checkbox",
  "woo_enabled_save_data_to_user": "checkbox",
  "edd_enabled_save_data_to_orders": "checkbox",
  "edd_enabled_save_data_to_user": "checkbox",
  "enable_content_name_param": "checkbox",
  "enable_page_title_param" : "checkbox",
  "enable_post_type_param" : "checkbox",
  "enable_post_id_param" : "checkbox",
  "enable_user_role_param" : "checkbox",
  "enable_event_time_param": "checkbox",
  "enable_event_day_param": "checkbox",
  "enable_event_month_param": "checkbox",
  "enable_tags_param": "checkbox",
  "enable_categories_param": "checkbox",
  "enable_post_category_param": "checkbox",
  "cookie_duration": "number",
  "last_visit_duration": "number",

  "enable_woo_category_name_param" : "checkbox",
  "enable_woo_num_items_param": "checkbox",
  "enable_woo_total_param": "checkbox",
  "enable_woo_tax_param": "checkbox",
  "enable_woo_transactions_count_param": "checkbox",
  "enable_woo_predicted_ltv_param": "checkbox",
  "enable_woo_average_order_param": "checkbox",
  "enable_woo_coupon_used_param": "checkbox",
  "enable_woo_coupon_name_param": "checkbox",
  "enable_woo_shipping_param": "checkbox",
  "enable_woo_shipping_cost_param": "checkbox",
  "enable_woo_brand": "checkbox",
  "woo_brand_taxonomy": "select",
  "woo_brand_taxonomy_plugin": "array_v",
  "enable_woo_tags_param": "checkbox",

  "enable_edd_category_name_param": "checkbox",
  "enable_edd_num_items_param": "checkbox",
  "enable_edd_tax_param": "checkbox",
  "enable_edd_tags_param":  "checkbox",
  "enable_remove_target_url_param":  "checkbox",
  "enable_remove_download_url_param":  "checkbox",
  "enable_edd_total_param":  "checkbox",
  "enable_edd_coupon_param":  "checkbox",
  "compress_front_js":  "checkbox",

  "wcf_sell_step_view_content_enabled": "checkbox",
  "wcf_enabled": "checkbox",
  "wcf_lead_enabled": "checkbox",
  "wcf_cart_flows_event_enabled": "checkbox",
  "wcf_step_event_enabled": "checkbox",
  "wcf_bump_event_enabled": "checkbox",
  "wcf_purchase_on_optin_enabled": "checkbox",
  "wcf_add_to_cart_bump": "checkbox",
  "wcf_add_to_cart_on_bump_click_enabled": "checkbox",
  "wcf_global_cartflows_parameter_enabled": "checkbox",
  "wcf_global_cartflows_flow_parameter_enabled": "checkbox",
  "wcf_global_cartflows_step_parameter_enabled": "checkbox",
  "wcf_purchase_on": "radio",
  "logs_enable": "checkbox",


  "automatic_events_enabled": "checkbox",
  "automatic_event_internal_link_enabled": "checkbox",
  "automatic_event_outbound_link_enabled": "checkbox",
  "automatic_event_video_enabled": "checkbox",
  "automatic_event_video_youtube_enabled": "checkbox",
  "automatic_event_video_vimeo_enabled": "checkbox",
  "automatic_event_tel_link_enabled": "checkbox",
  "automatic_event_email_link_enabled": "checkbox",
  "automatic_event_form_enabled": "checkbox",
  "automatic_event_signup_enabled": "checkbox",
  "automatic_event_login_enabled": "checkbox",
  "automatic_event_download_enabled": "checkbox",
  "automatic_event_comment_enabled": "checkbox",
  "automatic_event_adsense_enabled": "checkbox",
  "automatic_event_scroll_enabled": "checkbox",
  "automatic_event_time_on_page_enabled": "checkbox",
  "automatic_event_search_enabled": "checkbox",
  "automatic_event_download_extensions": "tag_select",
  "automatic_event_scroll_value": "number",
  "automatic_event_time_on_page_value": "number",


  "woo_checkout_page_ids": "tag_select",
  "enable_auto_save_advance_matching": "checkbox",
  "advance_matching_fn_names": "tag_select",
  "advance_matching_ln_names": "tag_select",
  "advance_matching_tel_names": "tag_select",

  "enable_success_send_form": "checkbox",
  "hide_version_plugin_in_console": "checkbox",
  "server_event_use_ajax": "checkbox",

  "send_external_id": "checkbox",
  "external_id_expire": "number"
}