{
    "36867": {
        "name": "Ninja Forms Scheduled Submissions Export",
        "version": "7.6.1",
        "permalink": "http://gplnova:8888/product/ninja-forms-scheduled-submissions-export/",
        "productID": 36867,
        "type": "plugin"
    },
    "36873": {
        "name": "Uncode Theme - Creative & WooCommerce Theme",
        "version": "7.6.1",
        "permalink": "http://gplnova:8888/product/uncode-theme-creative-woocommerce-theme/",
        "productID": 36873,
        "type": "theme"
    },
    "36903": {
        "name": "Winkmag - AMP Newspaper Magazine Theme",
        "version": "7.6.1",
        "permalink": "http://gplnova:8888/product/winkmag-amp-newspaper-magazine-theme/",
        "productID": 36903,
        "type": "theme"
    },
    "36906": {
        "name": "RISE - Ultimate Project Manager & CRM",
        "version": "7.6.1",
        "permalink": "http://gplnova:8888/product/rise-ultimate-project-manager-crm/",
        "productID": 36906,
        "type": "plugin"
    },
    "36909": {
        "name": "WooCommerce Price Based on Country Pro",
        "version": "7.6.1",
        "permalink": "http://gplnova:8888/product/woocommerce-price-based-on-country-pro/",
        "productID": 36909,
        "type": "plugin"
    },
    "36912": {
        "name": "Gravity Flow Core Plugin",
        "version": "7.6.1",
        "permalink": "http://gplnova:8888/product/gravity-flow-core-plugin/",
        "productID": 36912,
        "type": "plugin"
    },
    "36915": {
        "name": "Wyzi – Business Finder WordPress Directory Listing Theme",
        "version": "7.6.1",
        "permalink": "http://gplnova:8888/?post_type=product&p=36915",
        "productID": 36915,
        "type": "theme"
    },
    "36918": {
        "name": "Wauki Fullscreen WordPress Menu",
        "version": "7.6.1",
        "permalink": "http://gplnova:8888/product/wauki-fullscreen-wordpress-menu/",
        "productID": 36918,
        "type": "plugin"
    },
    "36923": {
        "name": "Card Elements Pro for Elementor",
        "version": "7.6.1",
        "permalink": "http://gplnova:8888/product/card-elements-pro-for-elementor/",
        "productID": 36923,
        "type": "plugin"
    },
    "36926": {
        "name": "WP Light Tours Builder",
        "version": "7.6.1",
        "permalink": "http://gplnova:8888/product/wp-light-tours-builder/",
        "productID": 36926,
        "type": "plugin"
    },
    "36929": {
        "name": "WP Clever FAQ Builder",
        "version": "7.6.1",
        "permalink": "http://gplnova:8888/product/wp-clever-faq-builder/",
        "productID": 36929,
        "type": "plugin"
    },
    "36932": {
        "name": "GymBase - Responsive Gym Fitness Theme",
        "version": "7.6.1",
        "permalink": "http://gplnova:8888/product/gymbase-responsive-gym-fitness-theme/",
        "productID": 36932,
        "type": "theme"
    },
    "36935": {
        "name": "Remake - Minimalist Portfolio Theme",
        "version": "7.6.1",
        "permalink": "http://gplnova:8888/product/remake-minimalist-portfolio-theme/",
        "productID": 36935,
        "type": "theme"
    },
    "36938": {
        "name": "WP Job Openings Pro",
        "version": "7.6.1",
        "permalink": "http://gplnova:8888/product/wp-job-openings-pro/",
        "productID": 36938,
        "type": "plugin"
    },
    "36941": {
        "name": "Referral System for WooCommerce",
        "version": "7.6.1",
        "permalink": "http://gplnova:8888/product/referral-system-for-woocommerce/",
        "productID": 36941,
        "type": "plugin"
    },
    "36944": {
        "name": "Constrau - Construction Business WordPress Theme",
        "version": "7.6.1",
        "permalink": "http://gplnova:8888/product/constrau-construction-business-wordpress-theme/",
        "productID": 36944,
        "type": "theme"
    },
    "36950": {
        "name": "Yoast WooCommerce SEO Premium GPL",
        "version": "7.6.1",
        "permalink": "http://gplnova:8888/product/yoast-woocommerce-seo-premium-gpl/",
        "productID": 36950,
        "type": "plugin"
    },
    "36956": {
        "name": "Vault - Multi-Purpose Elementor Theme",
        "version": "7.6.1",
        "permalink": "http://gplnova:8888/product/vault-multi-purpose-elementor-theme/",
        "productID": 36956,
        "type": "theme"
    },
    "36962": {
        "name": "Pixel Cat Elite",
        "version": "7.6.1",
        "permalink": "http://gplnova:8888/product/pixel-cat-elite/",
        "productID": 36962,
        "type": "plugin"
    }
}