[
    {
        "key": "group_5f3a285472b72",
        "title": "Author Info",
        "fields": [
            {
                "key": "field_5f3a28b84077d",
                "label": "Facebook",
                "name": "markite_facebook",
                "type": "url",
                "instructions": "",
                "required": 0,
                "conditional_logic": 0,
                "wrapper": {
                    "width": "",
                    "class": "",
                    "id": ""
                },
                "default_value": "",
                "placeholder": ""
            },
            {
                "key": "field_5f3a2eb908256",
                "label": "Twitter",
                "name": "markite_twitter",
                "type": "url",
                "instructions": "",
                "required": 0,
                "conditional_logic": 0,
                "wrapper": {
                    "width": "",
                    "class": "",
                    "id": ""
                },
                "default_value": "",
                "placeholder": ""
            },
            {
                "key": "field_5f3a2eb708255",
                "label": "Linkedin",
                "name": "markite_linkedin",
                "type": "url",
                "instructions": "",
                "required": 0,
                "conditional_logic": 0,
                "wrapper": {
                    "width": "",
                    "class": "",
                    "id": ""
                },
                "default_value": "",
                "placeholder": ""
            },
            {
                "key": "field_5f3a2eb608254",
                "label": "Instagram",
                "name": "markite_instagram",
                "type": "url",
                "instructions": "",
                "required": 0,
                "conditional_logic": 0,
                "wrapper": {
                    "width": "",
                    "class": "",
                    "id": ""
                },
                "default_value": "",
                "placeholder": ""
            },
            {
                "key": "field_5f3a2eb408252",
                "label": "Youtube",
                "name": "markite_youtube",
                "type": "url",
                "instructions": "",
                "required": 0,
                "conditional_logic": 0,
                "wrapper": {
                    "width": "",
                    "class": "",
                    "id": ""
                },
                "default_value": "",
                "placeholder": ""
            }
        ],
        "location": [
            [
                {
                    "param": "user_form",
                    "operator": "==",
                    "value": "all"
                }
            ]
        ],
        "menu_order": 0,
        "position": "normal",
        "style": "default",
        "label_placement": "top",
        "instruction_placement": "label",
        "hide_on_screen": "",
        "active": true,
        "description": "",
        "show_in_rest": false
    },
    {
        "key": "group_5ee5f5398c424",
        "title": "Gallery Post Formatted",
        "fields": [
            {
                "key": "field_5ee5f56ae8e7a",
                "label": "Gallery Images",
                "name": "gallery_images",
                "type": "gallery",
                "instructions": "",
                "required": 0,
                "conditional_logic": 0,
                "wrapper": {
                    "width": "",
                    "class": "",
                    "id": ""
                },
                "return_format": "array",
                "preview_size": "medium",
                "insert": "append",
                "library": "all",
                "min": "",
                "max": "",
                "min_width": "",
                "min_height": "",
                "min_size": "",
                "max_width": "",
                "max_height": "",
                "max_size": "",
                "mime_types": ""
            }
        ],
        "location": [
            [
                {
                    "param": "post_format",
                    "operator": "==",
                    "value": "gallery"
                }
            ]
        ],
        "menu_order": 0,
        "position": "normal",
        "style": "default",
        "label_placement": "top",
        "instruction_placement": "label",
        "hide_on_screen": "",
        "active": true,
        "description": "",
        "show_in_rest": 0
    },
    {
        "key": "group_5ee5a1f9c8794",
        "title": "Page Settings",
        "fields": [
            {
                "key": "field_60333df7f2b88",
                "label": "Content Layout",
                "name": "content_layout_style",
                "type": "select",
                "instructions": "Please chose the content layout style.",
                "required": 0,
                "conditional_logic": 0,
                "wrapper": {
                    "width": "50",
                    "class": "",
                    "id": ""
                },
                "choices": {
                    "default": "Default",
                    "no-sidebar": "No Sidebar",
                    "right-sidebar": "Right Sidebar",
                    "left-sidebar": "Left Sidebar",
                    "full-width": "Full Width",
                    "full-screen": "100% Full Width"
                },
                "default_value": "default",
                "allow_null": 0,
                "multiple": 0,
                "ui": 0,
                "return_format": "value",
                "ajax": 0,
                "placeholder": ""
            },
            {
                "key": "field_6033a5452d4e6",
                "label": "Blog Content Styles",
                "name": "blog_content_styles",
                "type": "select",
                "instructions": "",
                "required": 0,
                "conditional_logic": 0,
                "wrapper": {
                    "width": "50",
                    "class": "",
                    "id": ""
                },
                "choices": {
                    "default": "Default",
                    "two-columns": "Two Columns",
                    "two-columns-02": "Two Columns 2",
                    "three-columns": "Three Columns",
                    "two-columns-masonary": "Two Columns Masonary",
                    "three-columns-masonary": "Three Columns Masonary"
                },
                "default_value": "default",
                "allow_null": 0,
                "multiple": 0,
                "ui": 0,
                "return_format": "value",
                "ajax": 0,
                "placeholder": ""
            },
            {
                "key": "field_6049d6260b62f",
                "label": "Product Columns",
                "name": "product_columns",
                "type": "select",
                "instructions": "Please chose product columns.",
                "required": 0,
                "conditional_logic": 0,
                "wrapper": {
                    "width": "50",
                    "class": "",
                    "id": ""
                },
                "choices": {
                    "6": "Two Columns",
                    "4": "Three Columns",
                    "3": "Four Columns"
                },
                "default_value": 4,
                "allow_null": 0,
                "multiple": 0,
                "ui": 0,
                "return_format": "value",
                "ajax": 0,
                "placeholder": ""
            },
            {
                "key": "field_6033418cc3745",
                "label": "Sidebar",
                "name": "sidebar",
                "type": "select",
                "instructions": "Please chose the page sidebar.",
                "required": 0,
                "conditional_logic": 0,
                "wrapper": {
                    "width": "50",
                    "class": "",
                    "id": ""
                },
                "choices": {
                    "default": "Default",
                    "right-ridebar": "Right Sidebar",
                    "search-results-sidebar": "Search Results Sidebar",
                    "wooCommerce-sidebar": "WooCommerce Sidebar",
                    "wooCommerce-product-sidebar": "WooCommerce Product Sidebar",
                    "featured-products": "Featured products"
                },
                "default_value": "default",
                "allow_null": 0,
                "multiple": 0,
                "ui": 0,
                "return_format": "value",
                "ajax": 0,
                "placeholder": ""
            },
            {
                "key": "field_5ee5b7e62edef",
                "label": "Header Style",
                "name": "header_style",
                "type": "select",
                "instructions": "Please chose header style.",
                "required": 0,
                "conditional_logic": 0,
                "wrapper": {
                    "width": "50",
                    "class": "",
                    "id": ""
                },
                "choices": {
                    "header-style-1": "Header Style 1 (Default)",
                    "header-style-2": "Header Style 2",
                    "header-style-3": "Header Style 3"
                },
                "default_value": "header-style-1",
                "allow_null": 1,
                "multiple": 0,
                "ui": 0,
                "return_format": "value",
                "ajax": 0,
                "placeholder": ""
            },
            {
                "key": "field_5efb0ded987fe",
                "label": "Footer Style",
                "name": "footer_style",
                "type": "select",
                "instructions": "Please chose footer style.",
                "required": 0,
                "conditional_logic": 0,
                "wrapper": {
                    "width": "50",
                    "class": "",
                    "id": ""
                },
                "choices": {
                    "footer-style-1": "Footer Style 1  (Default)",
                    "footer-style-2": "Footer Style 2"
                },
                "default_value": "footer-style-1",
                "allow_null": 0,
                "multiple": 0,
                "ui": 0,
                "return_format": "value",
                "ajax": 0,
                "placeholder": ""
            },
            {
                "key": "field_5f0d8782e4a95",
                "label": "Footer BG Image",
                "name": "retro_footer_bg",
                "type": "image",
                "instructions": "",
                "required": 0,
                "conditional_logic": 0,
                "wrapper": {
                    "width": "33",
                    "class": "",
                    "id": ""
                },
                "return_format": "array",
                "preview_size": "medium",
                "library": "all",
                "min_width": "",
                "min_height": "",
                "min_size": "",
                "max_width": "",
                "max_height": "",
                "max_size": "",
                "mime_types": ""
            },
            {
                "key": "field_5ee5a2875481b",
                "label": "Is it invisible breadcrumb?",
                "name": "is_it_invisible_breadcrumb",
                "type": "true_false",
                "instructions": "",
                "required": 0,
                "conditional_logic": 0,
                "wrapper": {
                    "width": "33",
                    "class": "",
                    "id": ""
                },
                "message": "Is it invisible breadcrumb?",
                "default_value": 0,
                "ui": 1,
                "ui_on_text": "Yes",
                "ui_off_text": "No"
            },
            {
                "key": "field_5ee5a3275481c",
                "label": "Breadcrumb Background Image",
                "name": "breadcrumb_background_image",
                "type": "image",
                "instructions": "Breadcrumb Background Image",
                "required": 0,
                "conditional_logic": [
                    [
                        {
                            "field": "field_5ee5a2875481b",
                            "operator": "!=",
                            "value": "1"
                        }
                    ]
                ],
                "wrapper": {
                    "width": "33",
                    "class": "",
                    "id": ""
                },
                "return_format": "array",
                "preview_size": "full",
                "library": "all",
                "min_width": "",
                "min_height": "",
                "min_size": "",
                "max_width": "",
                "max_height": "",
                "max_size": "",
                "mime_types": "jpg,png"
            },
            {
                "key": "field_5ee5a3955481d",
                "label": "Hide Breadcrumb Background Image",
                "name": "hide_breadcrumb_background_image",
                "type": "true_false",
                "instructions": "Hide Breadcrumb Background Image",
                "required": 0,
                "conditional_logic": [
                    [
                        {
                            "field": "field_5ee5a2875481b",
                            "operator": "!=",
                            "value": "1"
                        }
                    ]
                ],
                "wrapper": {
                    "width": "33",
                    "class": "",
                    "id": ""
                },
                "message": "Hide Breadcrumb Background Image",
                "default_value": 1,
                "ui": 0,
                "ui_on_text": "",
                "ui_off_text": ""
            },
            {
                "key": "field_5ee5ba74c315f",
                "label": "Enable Secondary Logo",
                "name": "is_enable_sec_logo",
                "type": "true_false",
                "instructions": "For Enable Secondary Logo Please Go Here",
                "required": 0,
                "conditional_logic": 0,
                "wrapper": {
                    "width": "50",
                    "class": "",
                    "id": ""
                },
                "message": "",
                "default_value": 0,
                "ui": 0,
                "ui_on_text": "",
                "ui_off_text": ""
            },
            {
                "key": "field_5f0d88eae4a96",
                "label": "Footer BG Color",
                "name": "retro_footer_bg_color",
                "type": "color_picker",
                "instructions": "",
                "required": 0,
                "conditional_logic": 0,
                "wrapper": {
                    "width": "33",
                    "class": "",
                    "id": ""
                },
                "default_value": "",
                "enable_opacity": false,
                "return_format": "string"
            },
            {
                "key": "field_60b730e0d4ca0",
                "label": "Shop Details Subscribe",
                "name": "shop_details_subscribe",
                "type": "group",
                "instructions": "",
                "required": 0,
                "conditional_logic": 0,
                "wrapper": {
                    "width": "",
                    "class": "",
                    "id": ""
                },
                "layout": "block",
                "sub_fields": [
                    {
                        "key": "field_60b730fcd4ca1",
                        "label": "Subscribe Image",
                        "name": "markite_subs_img",
                        "type": "image",
                        "instructions": "",
                        "required": 0,
                        "conditional_logic": 0,
                        "wrapper": {
                            "width": "33",
                            "class": "",
                            "id": ""
                        },
                        "return_format": "array",
                        "preview_size": "medium",
                        "library": "all",
                        "min_width": "",
                        "min_height": "",
                        "min_size": "",
                        "max_width": "",
                        "max_height": "",
                        "max_size": "",
                        "mime_types": ""
                    },
                    {
                        "key": "field_60b7313513d7d",
                        "label": "Subscribe Title",
                        "name": "markite_subs_title",
                        "type": "text",
                        "instructions": "",
                        "required": 0,
                        "conditional_logic": 0,
                        "wrapper": {
                            "width": "33",
                            "class": "",
                            "id": ""
                        },
                        "default_value": "",
                        "placeholder": "",
                        "prepend": "",
                        "append": "",
                        "maxlength": ""
                    },
                    {
                        "key": "field_60b7314d13d7e",
                        "label": "Subscribe Sub Title",
                        "name": "markite_subs_sub_title",
                        "type": "text",
                        "instructions": "",
                        "required": 0,
                        "conditional_logic": 0,
                        "wrapper": {
                            "width": "33",
                            "class": "",
                            "id": ""
                        },
                        "default_value": "",
                        "placeholder": "",
                        "prepend": "",
                        "append": "",
                        "maxlength": ""
                    },
                    {
                        "key": "field_60b7315e13d7f",
                        "label": "Subscribe Shortcode",
                        "name": "markite_subs_form",
                        "type": "text",
                        "instructions": "",
                        "required": 0,
                        "conditional_logic": 0,
                        "wrapper": {
                            "width": "33",
                            "class": "",
                            "id": ""
                        },
                        "default_value": "",
                        "placeholder": "",
                        "prepend": "",
                        "append": "",
                        "maxlength": ""
                    },
                    {
                        "key": "field_60b7317313d80",
                        "label": "Subscribe Content",
                        "name": "markite_subs_content",
                        "type": "text",
                        "instructions": "",
                        "required": 0,
                        "conditional_logic": 0,
                        "wrapper": {
                            "width": "33",
                            "class": "",
                            "id": ""
                        },
                        "default_value": "",
                        "placeholder": "",
                        "prepend": "",
                        "append": "",
                        "maxlength": ""
                    }
                ]
            },
            {
                "key": "field_60b3791c11c6e",
                "label": "Product Details Banner",
                "name": "markite_banner_details",
                "type": "group",
                "instructions": "",
                "required": 0,
                "conditional_logic": 0,
                "wrapper": {
                    "width": "",
                    "class": "",
                    "id": ""
                },
                "layout": "block",
                "sub_fields": [
                    {
                        "key": "field_60b3794111c6f",
                        "label": "Banner Title",
                        "name": "banner_title",
                        "type": "text",
                        "instructions": "",
                        "required": 0,
                        "conditional_logic": 0,
                        "wrapper": {
                            "width": "33",
                            "class": "",
                            "id": ""
                        },
                        "default_value": "Check Out  Our free Templates",
                        "placeholder": "",
                        "prepend": "",
                        "append": "",
                        "maxlength": ""
                    },
                    {
                        "key": "field_60b3798711c70",
                        "label": "Banner Button Text",
                        "name": "banner_button_text",
                        "type": "text",
                        "instructions": "",
                        "required": 0,
                        "conditional_logic": 0,
                        "wrapper": {
                            "width": "33",
                            "class": "",
                            "id": ""
                        },
                        "default_value": "free template",
                        "placeholder": "",
                        "prepend": "",
                        "append": "",
                        "maxlength": ""
                    },
                    {
                        "key": "field_60b379c211c71",
                        "label": "Banner Button URL",
                        "name": "banner_button_url",
                        "type": "text",
                        "instructions": "",
                        "required": 0,
                        "conditional_logic": 0,
                        "wrapper": {
                            "width": "33",
                            "class": "",
                            "id": ""
                        },
                        "default_value": "",
                        "placeholder": "",
                        "prepend": "",
                        "append": "",
                        "maxlength": ""
                    },
                    {
                        "key": "field_60b379db11c72",
                        "label": "Banner Image",
                        "name": "banner_image",
                        "type": "image",
                        "instructions": "",
                        "required": 0,
                        "conditional_logic": 0,
                        "wrapper": {
                            "width": "50",
                            "class": "",
                            "id": ""
                        },
                        "return_format": "array",
                        "preview_size": "medium",
                        "library": "all",
                        "min_width": "",
                        "min_height": "",
                        "min_size": "",
                        "max_width": "",
                        "max_height": "",
                        "max_size": "",
                        "mime_types": ""
                    }
                ]
            }
        ],
        "location": [
            [
                {
                    "param": "post_type",
                    "operator": "==",
                    "value": "page"
                }
            ]
        ],
        "menu_order": 0,
        "position": "normal",
        "style": "default",
        "label_placement": "top",
        "instruction_placement": "label",
        "hide_on_screen": "",
        "active": true,
        "description": "",
        "show_in_rest": false
    },
    {
        "key": "group_5f0ff04d9426c",
        "title": "Portfolio",
        "fields": [
            {
                "key": "field_5f0ff04da271c",
                "label": "Portfolio Details Thumb",
                "name": "department_details_thumb",
                "type": "image",
                "instructions": "Department Details Thumb",
                "required": 0,
                "conditional_logic": 0,
                "wrapper": {
                    "width": "50",
                    "class": "",
                    "id": ""
                },
                "return_format": "array",
                "preview_size": "medium",
                "library": "all",
                "min_width": "",
                "min_height": "",
                "min_size": "",
                "max_width": "",
                "max_height": "",
                "max_size": "",
                "mime_types": ""
            },
            {
                "key": "field_5f8e823a8c043",
                "label": "Department Info List",
                "name": "department_info_list",
                "type": "group",
                "instructions": "Department Info List",
                "required": 0,
                "conditional_logic": 0,
                "wrapper": {
                    "width": "50",
                    "class": "",
                    "id": ""
                },
                "layout": "block",
                "sub_fields": [
                    {
                        "key": "field_5fc4687615b9a",
                        "label": "Clients Label",
                        "name": "clients_label",
                        "type": "text",
                        "instructions": "Clients Label",
                        "required": 0,
                        "conditional_logic": 0,
                        "wrapper": {
                            "width": "50",
                            "class": "",
                            "id": ""
                        },
                        "default_value": "Clients",
                        "placeholder": "Clients Label",
                        "prepend": "",
                        "append": "",
                        "maxlength": ""
                    },
                    {
                        "key": "field_5fc468ab15b9b",
                        "label": "Clients Name",
                        "name": "clients_name",
                        "type": "text",
                        "instructions": "Clients Name",
                        "required": 0,
                        "conditional_logic": 0,
                        "wrapper": {
                            "width": "50",
                            "class": "",
                            "id": ""
                        },
                        "default_value": "Marcos Ribeiro Ferreira",
                        "placeholder": "Clients Name",
                        "prepend": "",
                        "append": "",
                        "maxlength": ""
                    },
                    {
                        "key": "field_5fc4696ad45c8",
                        "label": "Date",
                        "name": "date_text",
                        "type": "text",
                        "instructions": "25 November 2020",
                        "required": 0,
                        "conditional_logic": 0,
                        "wrapper": {
                            "width": "50",
                            "class": "",
                            "id": ""
                        },
                        "default_value": "25 November 2020",
                        "placeholder": "25 November 2020",
                        "prepend": "",
                        "append": "",
                        "maxlength": ""
                    },
                    {
                        "key": "field_5fc46939d45c7",
                        "label": "Date Label",
                        "name": "date_label",
                        "type": "text",
                        "instructions": "Date Label",
                        "required": 0,
                        "conditional_logic": 0,
                        "wrapper": {
                            "width": "50",
                            "class": "",
                            "id": ""
                        },
                        "default_value": "Date",
                        "placeholder": "Date Label",
                        "prepend": "",
                        "append": "",
                        "maxlength": ""
                    },
                    {
                        "key": "field_5fc469ac16aa8",
                        "label": "Category Label",
                        "name": "category_label",
                        "type": "text",
                        "instructions": "Category Label",
                        "required": 0,
                        "conditional_logic": 0,
                        "wrapper": {
                            "width": "50",
                            "class": "",
                            "id": ""
                        },
                        "default_value": "Category",
                        "placeholder": "Category Label",
                        "prepend": "",
                        "append": "",
                        "maxlength": ""
                    },
                    {
                        "key": "field_5fc469d016aa9",
                        "label": "Category Name",
                        "name": "category_name",
                        "type": "text",
                        "instructions": "Category Name",
                        "required": 0,
                        "conditional_logic": 0,
                        "wrapper": {
                            "width": "50",
                            "class": "",
                            "id": ""
                        },
                        "default_value": "Business Cart Design & Branding",
                        "placeholder": "Category Name",
                        "prepend": "",
                        "append": "",
                        "maxlength": ""
                    },
                    {
                        "key": "field_5fc46a0e16aaa",
                        "label": "City Label",
                        "name": "city_label",
                        "type": "text",
                        "instructions": "City Label",
                        "required": 0,
                        "conditional_logic": 0,
                        "wrapper": {
                            "width": "50",
                            "class": "",
                            "id": ""
                        },
                        "default_value": "City",
                        "placeholder": "City Label",
                        "prepend": "",
                        "append": "",
                        "maxlength": ""
                    },
                    {
                        "key": "field_5fc46a2a16aab",
                        "label": "Address Name",
                        "name": "address_name",
                        "type": "text",
                        "instructions": "Address Name",
                        "required": 0,
                        "conditional_logic": 0,
                        "wrapper": {
                            "width": "50",
                            "class": "",
                            "id": ""
                        },
                        "default_value": "25 Main Street, New York",
                        "placeholder": "25 Main Street, New York",
                        "prepend": "",
                        "append": "",
                        "maxlength": ""
                    },
                    {
                        "key": "field_5fc46faaa6f8c",
                        "label": "Facebook URL",
                        "name": "facebook_url",
                        "type": "text",
                        "instructions": "Facebook URL",
                        "required": 0,
                        "conditional_logic": 0,
                        "wrapper": {
                            "width": "33",
                            "class": "",
                            "id": ""
                        },
                        "default_value": "",
                        "placeholder": "",
                        "prepend": "",
                        "append": "",
                        "maxlength": ""
                    },
                    {
                        "key": "field_5fc46fefa6f8d",
                        "label": "Twitter URL",
                        "name": "twitter_url",
                        "type": "text",
                        "instructions": "TwitterURL",
                        "required": 0,
                        "conditional_logic": 0,
                        "wrapper": {
                            "width": "33",
                            "class": "",
                            "id": ""
                        },
                        "default_value": "",
                        "placeholder": "",
                        "prepend": "",
                        "append": "",
                        "maxlength": ""
                    },
                    {
                        "key": "field_5fc4700ba6f8e",
                        "label": "Youtube URL",
                        "name": "youtube_url",
                        "type": "text",
                        "instructions": "youtube url",
                        "required": 0,
                        "conditional_logic": 0,
                        "wrapper": {
                            "width": "33",
                            "class": "",
                            "id": ""
                        },
                        "default_value": "",
                        "placeholder": "",
                        "prepend": "",
                        "append": "",
                        "maxlength": ""
                    }
                ]
            },
            {
                "key": "field_5f8ee8f70c702",
                "label": "Gallery",
                "name": "department_gallery",
                "type": "photo_gallery",
                "instructions": "",
                "required": 0,
                "conditional_logic": 0,
                "wrapper": {
                    "width": "50",
                    "class": "",
                    "id": ""
                },
                "fields[department_gallery": {
                    "edit_modal": "Default",
                    "images_limit": ""
                },
                "edit_modal": "Default"
            },
            {
                "key": "field_5f0ff04db1bb4",
                "label": "Portfolio Bottom Text",
                "name": "department_bottom_text",
                "type": "wysiwyg",
                "instructions": "Department Short Text",
                "required": 0,
                "conditional_logic": 0,
                "wrapper": {
                    "width": "50",
                    "class": "",
                    "id": ""
                },
                "default_value": "",
                "tabs": "all",
                "toolbar": "full",
                "media_upload": 1,
                "delay": 0
            }
        ],
        "location": [
            [
                {
                    "param": "post_type",
                    "operator": "==",
                    "value": "bdevs-portfolio"
                }
            ]
        ],
        "menu_order": 0,
        "position": "normal",
        "style": "default",
        "label_placement": "top",
        "instruction_placement": "label",
        "hide_on_screen": "",
        "active": true,
        "description": "",
        "show_in_rest": false
    },
    {
        "key": "group_5ee5c87c21be4",
        "title": "Post Formatted",
        "fields": [
            {
                "key": "field_5ee5e1f7dfd22",
                "label": "Fromate Link",
                "name": "fromate_style",
                "type": "text",
                "instructions": "",
                "required": 0,
                "conditional_logic": 0,
                "wrapper": {
                    "width": "",
                    "class": "",
                    "id": ""
                },
                "default_value": "",
                "placeholder": "",
                "prepend": "",
                "append": "",
                "maxlength": ""
            }
        ],
        "location": [
            [
                {
                    "param": "post_format",
                    "operator": "==",
                    "value": "video"
                }
            ],
            [
                {
                    "param": "post_format",
                    "operator": "==",
                    "value": "audio"
                }
            ]
        ],
        "menu_order": 0,
        "position": "normal",
        "style": "default",
        "label_placement": "top",
        "instruction_placement": "label",
        "hide_on_screen": "",
        "active": true,
        "description": "",
        "show_in_rest": false
    },
    {
        "key": "group_60b36e2d848aa",
        "title": "Product",
        "fields": [
            {
                "key": "field_60b36e470d095",
                "label": "Sidebar Short Info",
                "name": "markite_sidebar_short_info",
                "type": "textarea",
                "instructions": "",
                "required": 0,
                "conditional_logic": 0,
                "wrapper": {
                    "width": "33",
                    "class": "",
                    "id": ""
                },
                "default_value": "",
                "placeholder": "",
                "maxlength": "",
                "rows": 5,
                "new_lines": ""
            },
            {
                "key": "field_60d6cac3ab835",
                "label": "Product Short Info",
                "name": "product_short_info",
                "type": "textarea",
                "instructions": "",
                "required": 0,
                "conditional_logic": 0,
                "wrapper": {
                    "width": "33",
                    "class": "",
                    "id": ""
                },
                "default_value": "",
                "placeholder": "",
                "maxlength": "",
                "rows": 5,
                "new_lines": ""
            },
            {
                "key": "field_60d6cc7d8c48e",
                "label": "Product Icon",
                "name": "product_sm_thumb",
                "type": "image",
                "instructions": "",
                "required": 0,
                "conditional_logic": 0,
                "wrapper": {
                    "width": "33",
                    "class": "",
                    "id": ""
                },
                "return_format": "array",
                "preview_size": "medium",
                "library": "all",
                "min_width": "",
                "min_height": "",
                "min_size": "",
                "max_width": "",
                "max_height": "",
                "max_size": "",
                "mime_types": ""
            },
            {
                "key": "field_60b36e852008b",
                "label": "Sidebar Info List",
                "name": "markite_sidebar_info_list",
                "type": "group",
                "instructions": "",
                "required": 0,
                "conditional_logic": 0,
                "wrapper": {
                    "width": "33",
                    "class": "",
                    "id": ""
                },
                "layout": "block",
                "sub_fields": [
                    {
                        "key": "field_60b36ea02008c",
                        "label": "Download Label",
                        "name": "pro_download_label",
                        "type": "text",
                        "instructions": "",
                        "required": 0,
                        "conditional_logic": 0,
                        "wrapper": {
                            "width": "50",
                            "class": "",
                            "id": ""
                        },
                        "default_value": "Downloads:",
                        "placeholder": "",
                        "prepend": "",
                        "append": "",
                        "maxlength": ""
                    },
                    {
                        "key": "field_60b36ec12008d",
                        "label": "Download Number",
                        "name": "pro_download_number",
                        "type": "text",
                        "instructions": "",
                        "required": 0,
                        "conditional_logic": 0,
                        "wrapper": {
                            "width": "50",
                            "class": "",
                            "id": ""
                        },
                        "default_value": 44,
                        "placeholder": "",
                        "prepend": "",
                        "append": "",
                        "maxlength": ""
                    },
                    {
                        "key": "field_60b36ed22008e",
                        "label": "Date Label",
                        "name": "pro_date_label",
                        "type": "text",
                        "instructions": "",
                        "required": 0,
                        "conditional_logic": 0,
                        "wrapper": {
                            "width": "50",
                            "class": "",
                            "id": ""
                        },
                        "default_value": "Released On:",
                        "placeholder": "",
                        "prepend": "",
                        "append": "",
                        "maxlength": ""
                    },
                    {
                        "key": "field_60b36ed72008f",
                        "label": "Released Date",
                        "name": "pro_released_date",
                        "type": "text",
                        "instructions": "",
                        "required": 0,
                        "conditional_logic": 0,
                        "wrapper": {
                            "width": "50",
                            "class": "",
                            "id": ""
                        },
                        "default_value": "16 February 2021",
                        "placeholder": "",
                        "prepend": "",
                        "append": "",
                        "maxlength": ""
                    },
                    {
                        "key": "field_60b36f0d20090",
                        "label": "Version Label",
                        "name": "pro_version_label",
                        "type": "text",
                        "instructions": "",
                        "required": 0,
                        "conditional_logic": 0,
                        "wrapper": {
                            "width": "50",
                            "class": "",
                            "id": ""
                        },
                        "default_value": "Version:",
                        "placeholder": "",
                        "prepend": "",
                        "append": "",
                        "maxlength": ""
                    },
                    {
                        "key": "field_60b36f2120091",
                        "label": "Version Number",
                        "name": "pro_version_number",
                        "type": "text",
                        "instructions": "",
                        "required": 0,
                        "conditional_logic": 0,
                        "wrapper": {
                            "width": "50",
                            "class": "",
                            "id": ""
                        },
                        "default_value": "1.0",
                        "placeholder": "",
                        "prepend": "",
                        "append": "",
                        "maxlength": ""
                    },
                    {
                        "key": "field_60b36f5d20092",
                        "label": "Compatibility Label",
                        "name": "pro_compatibility_label",
                        "type": "text",
                        "instructions": "",
                        "required": 0,
                        "conditional_logic": 0,
                        "wrapper": {
                            "width": "50",
                            "class": "",
                            "id": ""
                        },
                        "default_value": "Compatibility:",
                        "placeholder": "",
                        "prepend": "",
                        "append": "",
                        "maxlength": ""
                    },
                    {
                        "key": "field_60b36f7520093",
                        "label": "Compatibility List",
                        "name": "pro_compatibility_list",
                        "type": "textarea",
                        "instructions": "",
                        "required": 0,
                        "conditional_logic": 0,
                        "wrapper": {
                            "width": "50",
                            "class": "",
                            "id": ""
                        },
                        "default_value": "WordPress 5.7.x,",
                        "placeholder": "",
                        "maxlength": "",
                        "rows": 5,
                        "new_lines": ""
                    },
                    {
                        "key": "field_60b36f8320094",
                        "label": "Framework Label",
                        "name": "pro_framework_label",
                        "type": "text",
                        "instructions": "",
                        "required": 0,
                        "conditional_logic": 0,
                        "wrapper": {
                            "width": "50",
                            "class": "",
                            "id": ""
                        },
                        "default_value": "Framework:",
                        "placeholder": "",
                        "prepend": "",
                        "append": "",
                        "maxlength": ""
                    },
                    {
                        "key": "field_60b36f9a20095",
                        "label": "Framework List",
                        "name": "pro_framework_list",
                        "type": "textarea",
                        "instructions": "",
                        "required": 0,
                        "conditional_logic": 0,
                        "wrapper": {
                            "width": "50",
                            "class": "",
                            "id": ""
                        },
                        "default_value": "Elementor",
                        "placeholder": "",
                        "maxlength": "",
                        "rows": 5,
                        "new_lines": ""
                    }
                ]
            },
            {
                "key": "field_60b37476a07da",
                "label": "Demo Button Text",
                "name": "markite_demo_button",
                "type": "text",
                "instructions": "",
                "required": 0,
                "conditional_logic": 0,
                "wrapper": {
                    "width": "50",
                    "class": "",
                    "id": ""
                },
                "default_value": "Preview Project",
                "placeholder": "",
                "prepend": "",
                "append": "",
                "maxlength": ""
            },
            {
                "key": "field_60b373ea02d33",
                "label": "Demo URL",
                "name": "markite_demo_url",
                "type": "url",
                "instructions": "",
                "required": 0,
                "conditional_logic": 0,
                "wrapper": {
                    "width": "50",
                    "class": "",
                    "id": ""
                },
                "default_value": "https:\/\/themepure.net\/wp\/pixeen\/",
                "placeholder": "URL Here"
            }
        ],
        "location": [
            [
                {
                    "param": "post_type",
                    "operator": "==",
                    "value": "product"
                }
            ]
        ],
        "menu_order": 0,
        "position": "normal",
        "style": "default",
        "label_placement": "top",
        "instruction_placement": "label",
        "hide_on_screen": "",
        "active": true,
        "description": "",
        "show_in_rest": false
    },
    {
        "key": "group_60179bd225b37",
        "title": "Product Deals",
        "fields": [
            {
                "key": "field_60179be0a7042",
                "label": "Enable Deal",
                "name": "enable_deal",
                "type": "true_false",
                "instructions": "",
                "required": 0,
                "conditional_logic": 0,
                "wrapper": {
                    "width": "",
                    "class": "",
                    "id": ""
                },
                "message": "",
                "default_value": 0,
                "ui": 1,
                "ui_on_text": "",
                "ui_off_text": ""
            },
            {
                "key": "field_60179c09a7043",
                "label": "Deal Date",
                "name": "deal_date",
                "type": "date_time_picker",
                "instructions": "",
                "required": 0,
                "conditional_logic": [
                    [
                        {
                            "field": "field_60179be0a7042",
                            "operator": "==",
                            "value": "1"
                        }
                    ]
                ],
                "wrapper": {
                    "width": "",
                    "class": "",
                    "id": ""
                },
                "display_format": "Y\/m\/d H:i:s",
                "return_format": "Y\/m\/d H:i:s",
                "first_day": 1
            }
        ],
        "location": [
            [
                {
                    "param": "post_type",
                    "operator": "==",
                    "value": "product"
                }
            ]
        ],
        "menu_order": 0,
        "position": "normal",
        "style": "default",
        "label_placement": "top",
        "instruction_placement": "label",
        "hide_on_screen": "",
        "active": true,
        "description": "",
        "show_in_rest": false
    },
    {
        "key": "group_60179b2310e8e",
        "title": "Product Icon",
        "fields": [
            {
                "key": "field_60179b2c5ee9c",
                "label": "product icon",
                "name": "product_icon",
                "type": "text",
                "instructions": "",
                "required": 0,
                "conditional_logic": 0,
                "wrapper": {
                    "width": "",
                    "class": "",
                    "id": ""
                },
                "default_value": "",
                "placeholder": "",
                "prepend": "",
                "append": "",
                "maxlength": ""
            }
        ],
        "location": [
            [
                {
                    "param": "taxonomy",
                    "operator": "==",
                    "value": "product_cat"
                }
            ]
        ],
        "menu_order": 0,
        "position": "normal",
        "style": "default",
        "label_placement": "top",
        "instruction_placement": "label",
        "hide_on_screen": "",
        "active": true,
        "description": "",
        "show_in_rest": false
    },
    {
        "key": "group_5f0e9d6d007ea",
        "title": "Services",
        "fields": [
            {
                "key": "field_5f0e9d6d0a068",
                "label": "Department Details Thumb",
                "name": "department_details_thumb",
                "type": "image",
                "instructions": "Department Details Thumb",
                "required": 0,
                "conditional_logic": 0,
                "wrapper": {
                    "width": "40",
                    "class": "",
                    "id": ""
                },
                "return_format": "array",
                "preview_size": "medium",
                "library": "all",
                "min_width": "",
                "min_height": "",
                "min_size": "",
                "max_width": "",
                "max_height": "",
                "max_size": "",
                "mime_types": ""
            },
            {
                "key": "field_5f0ea724e96b8",
                "label": "Department Feathures List",
                "name": "department_feathures_list",
                "type": "textarea",
                "instructions": "Department Feathures List",
                "required": 0,
                "conditional_logic": 0,
                "wrapper": {
                    "width": "60",
                    "class": "",
                    "id": ""
                },
                "default_value": "<h3 class=\"title_text mb_30\">Design Guideline<\/h3>\r\n<ul class=\"guideline_list ul_li_block clearfix\">\r\n    <li>Small Postcards4.13\" x 5.83\"<\/li>\r\n    <li>NEW Standard Postcards4\" x 6\"<\/li>\r\n    <li>Standard Postcards4\" x 7\"<\/li>\r\n    <li>Rounded Postcards4\" x 8\"<\/li>\r\n    <li>NEW Square Postcards4.7\" x 4.7\"<\/li>\r\n    <li>NEW Rack Cards3.67\" x 8.5\"<\/li>\r\n    <li>Medium Postcards5\" x 7\"<\/li>\r\n    <li>NEW Half Page Postcards5.5\" x 8.5\"<\/li>\r\n    <li>NEW Large Postcards6” x 9”<\/li>\r\n<\/ul>",
                "placeholder": "",
                "maxlength": "",
                "rows": "",
                "new_lines": ""
            },
            {
                "key": "field_5f0e9d6d11abe",
                "label": "Download Info",
                "name": "download_info",
                "type": "group",
                "instructions": "Download Info",
                "required": 0,
                "conditional_logic": 0,
                "wrapper": {
                    "width": "50",
                    "class": "",
                    "id": ""
                },
                "layout": "block",
                "sub_fields": [
                    {
                        "key": "field_5fc47cb904800",
                        "label": "title",
                        "name": "title",
                        "type": "text",
                        "instructions": "Download Design Guideline",
                        "required": 0,
                        "conditional_logic": 0,
                        "wrapper": {
                            "width": "",
                            "class": "",
                            "id": ""
                        },
                        "default_value": "Download Design Guideline",
                        "placeholder": "Download Design Guideline",
                        "prepend": "",
                        "append": "",
                        "maxlength": ""
                    },
                    {
                        "key": "field_5fc47ce604801",
                        "label": "info",
                        "name": "info",
                        "type": "textarea",
                        "instructions": "Short info",
                        "required": 0,
                        "conditional_logic": 0,
                        "wrapper": {
                            "width": "",
                            "class": "",
                            "id": ""
                        },
                        "default_value": "Sed ut perspicias unde omnis iste natus error sit voluptate accusntium dolorem que laudantium totam rem aper",
                        "placeholder": "short info",
                        "maxlength": "",
                        "rows": "",
                        "new_lines": ""
                    },
                    {
                        "key": "field_5fc47d2d02390",
                        "label": "Button One",
                        "name": "button_one",
                        "type": "text",
                        "instructions": "photoshop",
                        "required": 0,
                        "conditional_logic": 0,
                        "wrapper": {
                            "width": "50",
                            "class": "",
                            "id": ""
                        },
                        "default_value": "photoshop",
                        "placeholder": "photoshop",
                        "prepend": "",
                        "append": "",
                        "maxlength": ""
                    },
                    {
                        "key": "field_5fc47d5902391",
                        "label": "Button One Link",
                        "name": "button_one_link",
                        "type": "text",
                        "instructions": "Link here",
                        "required": 0,
                        "conditional_logic": 0,
                        "wrapper": {
                            "width": "50",
                            "class": "",
                            "id": ""
                        },
                        "default_value": "#",
                        "placeholder": "link",
                        "prepend": "",
                        "append": "",
                        "maxlength": ""
                    },
                    {
                        "key": "field_5fc47d7302392",
                        "label": "Button Two",
                        "name": "button_two",
                        "type": "text",
                        "instructions": "illustrator",
                        "required": 0,
                        "conditional_logic": 0,
                        "wrapper": {
                            "width": "50",
                            "class": "",
                            "id": ""
                        },
                        "default_value": "illustrator",
                        "placeholder": "illustrator",
                        "prepend": "",
                        "append": "",
                        "maxlength": ""
                    },
                    {
                        "key": "field_5fc47d8902393",
                        "label": "Button two Link",
                        "name": "button_two_link",
                        "type": "text",
                        "instructions": "Link here",
                        "required": 0,
                        "conditional_logic": 0,
                        "wrapper": {
                            "width": "50",
                            "class": "",
                            "id": ""
                        },
                        "default_value": "#",
                        "placeholder": "link",
                        "prepend": "",
                        "append": "",
                        "maxlength": ""
                    },
                    {
                        "key": "field_5fc47d9d02394",
                        "label": "Button Three",
                        "name": "button_three",
                        "type": "text",
                        "instructions": "jpge",
                        "required": 0,
                        "conditional_logic": 0,
                        "wrapper": {
                            "width": "50",
                            "class": "",
                            "id": ""
                        },
                        "default_value": "jpge",
                        "placeholder": "jpge",
                        "prepend": "",
                        "append": "",
                        "maxlength": ""
                    },
                    {
                        "key": "field_5fc47db902395",
                        "label": "Button three Link",
                        "name": "button_three_link",
                        "type": "text",
                        "instructions": "Link here",
                        "required": 0,
                        "conditional_logic": 0,
                        "wrapper": {
                            "width": "50",
                            "class": "",
                            "id": ""
                        },
                        "default_value": "#",
                        "placeholder": "link",
                        "prepend": "",
                        "append": "",
                        "maxlength": ""
                    }
                ]
            },
            {
                "key": "field_5fc47fa5cf62e",
                "label": "Department Bottom Thumb",
                "name": "department_bottom_thumb",
                "type": "image",
                "instructions": "Department Bottom Thumb",
                "required": 0,
                "conditional_logic": 0,
                "wrapper": {
                    "width": "50",
                    "class": "",
                    "id": ""
                },
                "return_format": "array",
                "preview_size": "medium",
                "library": "all",
                "min_width": "",
                "min_height": "",
                "min_size": "",
                "max_width": "",
                "max_height": "",
                "max_size": "",
                "mime_types": ""
            },
            {
                "key": "field_5fc4802da3994",
                "label": "Department bottom text",
                "name": "department_bottom_text",
                "type": "textarea",
                "instructions": "Department bottom text",
                "required": 0,
                "conditional_logic": 0,
                "wrapper": {
                    "width": "",
                    "class": "",
                    "id": ""
                },
                "default_value": "Sed ut perspiciatis unde omnis iste natus error sit voluptatem accusantium doloremque laudantium, totam rem aperiam, eaque ipsa quae ab illo inventore veritatis et quasi architecto beatae vitae dicta sunt explicabo. Nemo enim ipsam voluptatem quia voluptas sit aspernatur aut odit aut fugit sed quia consequuntur magni dolores eos qui ratione voluptatem sequi nesciunt. Neque porro quisquam est qui dolorem ipsum quia dolor sit amet",
                "placeholder": "",
                "maxlength": "",
                "rows": "",
                "new_lines": ""
            }
        ],
        "location": [
            [
                {
                    "param": "post_type",
                    "operator": "==",
                    "value": "bdevs-services"
                }
            ]
        ],
        "menu_order": 0,
        "position": "normal",
        "style": "default",
        "label_placement": "top",
        "instruction_placement": "label",
        "hide_on_screen": "",
        "active": true,
        "description": "",
        "show_in_rest": false
    }
]