{"blog-sidebar":{"search-1":{"title":""},"bdevs-latest-posts-1":{"title":"Recent News","count":"3","posts_order":"DESC"},"categories-1":{"title":"Categories","count":0,"hierarchical":0,"dropdown":0},"tag_cloud-1":{"title":"Tags","count":0,"taxonomy":"post_tag"},"custom_html-1":{"title":"","content":"<div class=\"sidebar__banner\" data-background=\"https:\/\/www.devsnews.com\/wp\/markite\/wp-content\/uploads\/2021\/06\/sidebar-banner-1.jpg\">\r\n   <h4 class=\"sidebar__banner-title\">Check Out <br>Our free Templates<\/h4>\r\n   <a href=\"https:\/\/www.devsnews.com\/wp\/markite\/shop\/\" class=\"m-btn m-btn-white s-white-btn\"> <span><\/span> free template<\/a>\r\n<\/div>"}},"product-sidebar":{"text-1":{"title":"","text":"[yith_wcan_filters slug=\"draft-preset\"]","filter":true,"visual":true},"custom_html-2":{"title":"","content":"<div class=\"sidebar__banner\" data-background=\"https:\/\/www.devsnews.com\/wp\/markite\/wp-content\/uploads\/2021\/06\/sidebar-banner-1.jpg\">\r\n   <h4 class=\"sidebar__banner-title\">Check Out <br>Our free Templates<\/h4>\r\n   <a href=\"https:\/\/www.devsnews.com\/wp\/markite\/shop\/\" class=\"m-btn m-btn-white s-white-btn\"> <span><\/span> free template<\/a>\r\n<\/div>"}},"footer-1":{"custom_html-3":{"title":"","content":"<div class=\"footer__widget-head mb-35\">\r\n   <a href=\"https:\/\/bdevs.net\/wp\/markite\/\">\r\n      <img src=\"https:\/\/bdevs.net\/wp\/markite\/wp-content\/uploads\/2021\/06\/logo.png\" alt=\"logo\">\r\n   <\/a>\r\n<\/div>\r\n<div class=\"footer__widget-content\">\r\n   <div class=\"footer__social mb-30\">\r\n      <h4>Follow our Socials<\/h4>\r\n      <ol>\r\n         <li><a href=\"#\" class=\"fb\"><i class=\"fab fa-facebook-f\"><\/i><\/a><\/li>\r\n         <li><a href=\"#\" class=\"tw\"><i class=\"fab fa-twitter\"><\/i><\/a><\/li>\r\n         <li><a href=\"#\" class=\"pin\"><i class=\"fab fa-pinterest-p\"><\/i><\/a><\/li>\r\n      <\/ol>\r\n   <\/div>\r\n<\/div>"}},"footer-2":{"nav_menu-1":{"title":"Products","nav_menu":"57"}},"footer-3":{"nav_menu-2":{"title":"Resources","nav_menu":"58"}},"footer-4":{"custom_html-4":{"title":"Newsletter","content":"<div class=\"footer__subscribe\">\r\n <p>Subscribe to recieve a monthly email on the latest news!<\/p>\r\n <div class=\"footer__subscribe-input\">\r\n    <form action=\"#\">\r\n       <input type=\"email\" placeholder=\"Email\">\r\n       <button type=\"submit\" class=\"m-btn\">Subscribe!<\/button>\r\n    <\/form>\r\n <\/div>\r\n<\/div>"}},"footer-2-1":{"custom_html-5":{"title":"Follow our Socials","content":"<div class=\"footer__widget-content\">\r\n  <div class=\"footer__social mb-30\">\r\n     <ol>\r\n        <li><a href=\"#\" class=\"fb\"><i class=\"fab fa-facebook-f\"><\/i><\/a><\/li>\r\n        <li><a href=\"#\" class=\"tw\"><i class=\"fab fa-twitter\"><\/i><\/a><\/li>\r\n        <li><a href=\"#\" class=\"pin\"><i class=\"fab fa-pinterest-p\"><\/i><\/a><\/li>\r\n     <\/ol>\r\n  <\/div>\r\n  <div class=\"footer__lang\">\r\n     <span><a href=\"#\">US<\/a> English<\/span>\r\n     <span><a href=\"#\">ES<\/a> Spanish<\/span>\r\n  <\/div>\r\n<\/div>"}},"footer-2-2":{"nav_menu-3":{"title":"Products","nav_menu":"57"}},"footer-2-3":{"nav_menu-4":{"title":"Resources","nav_menu":"58"}},"footer-2-4":{"nav_menu-5":{"title":"Support","nav_menu":"59"}},"footer-2-5":{"nav_menu-6":{"title":"Community","nav_menu":"54"}}}