{
  "enabled": true,
  "license_key": "",
  "license_status": "",
  "license_expires" : "",

  "hide_this_tag": false,
  "hide_this_tag_contain": [],
  "hide_this_tag_timeout": 24,

  "hide_this_url": false,
  "hide_this_url_contain": [],

  "pixel_id": "",
  "click_event_enabled": true,
  "watchvideo_event_enabled": true,
  "download_event_enabled": true,
  "search_event_enabled": true,
  "complete_registration_event_enabled": true,
  "comment_event_enabled": true,
  "form_event_enabled": true,

  "woo_variable_as_simple": false,
  "woo_content_id": "product_id",
  "woo_content_id_prefix": "",
  "woo_content_id_suffix": "",

  "woo_frequent_shopper_enabled": true,
  "woo_vip_client_enabled": true,
  "woo_big_whale_enabled": true,
  "woo_purchase_enabled": true,
  "woo_initiate_checkout_enabled": true,
  "woo_add_to_cart_enabled": true,
  "woo_view_content_enabled": true,
  "woo_view_category_enabled": true,

  "edd_content_id": "download_id",
  "edd_content_id_prefix": "",
  "edd_content_id_suffix": "",
  "edd_frequent_shopper_enabled": true,
  "edd_vip_client_enabled": true,
  "edd_big_whale_enabled": true,
  "edd_purchase_enabled": true,
  "edd_initiate_checkout_enabled": true,
  "edd_add_to_cart_enabled": true,
  "edd_view_content_enabled": true,
  "edd_view_category_enabled": true,
  "verify_meta_tag": "",

  "wcf_cart_flows_event_enabled": true,
  "wcf_step_event_enabled": true,
  "wcf_bump_event_enabled": true,
  "wcf_pixel_id":"",
  "wcf_verify_meta_tag":  "",

  "automatic_event_internal_link_enabled": true,
  "automatic_event_outbound_link_enabled": true,
  "automatic_event_video_enabled": true,
  "automatic_event_tel_link_enabled": true,
  "automatic_event_email_link_enabled": true,
  "automatic_event_form_enabled": true,
  "automatic_event_signup_enabled": true,
  "automatic_event_login_enabled": true,
  "automatic_event_download_enabled": true,
  "automatic_event_comment_enabled": true,
  "automatic_event_adsense_enabled": true,
  "automatic_event_scroll_enabled": true,
  "automatic_event_time_on_page_enabled": true,
  "automatic_event_search_enabled": true
}