{
  "enabled": "checkbox",

  "pixel_id": "array",
  "category_pixel_ids": "array_v",
  "category_pixel_server_ids": "array_v",
  "category_pixel_server_test_code": "array_v",
  "hide_this_tag": "checkbox",
  "hide_this_tag_contain": "multi_select",
  "hide_this_tag_timeout": "number",

  "hide_this_url": "checkbox",
  "hide_this_url_contain": "multi_select",

  "advanced_matching_enabled": "checkbox",
  "remove_metadata": "checkbox",
  "pixel_lang": "array_v",

  "woo_variable_as_simple": "checkbox",
  "woo_content_id": "select",
  "woo_content_id_prefix": "text",
  "woo_content_id_suffix": "text",
  "woo_content_id_logic": "radio",
  "woo_frequent_shopper_enabled": "checkbox",
  "woo_vip_client_enabled": "checkbox",
  "woo_big_whale_enabled": "checkbox",
  "woo_purchase_enabled": "checkbox",
  "woo_initiate_checkout_enabled": "checkbox",
  "woo_remove_from_cart_enabled": "checkbox",
  "woo_add_to_cart_enabled": "checkbox",
  "woo_view_content_enabled": "checkbox",
  "woo_view_category_enabled": "checkbox",
  "woo_affiliate_enabled": "checkbox",
  "woo_paypal_enabled": "checkbox",

  "edd_category_pixel_ids": "array_v",
  "edd_category_pixel_server_ids": "array_v",
  "edd_category_pixel_server_test_code": "array_v",
  "edd_content_id": "select",
  "edd_content_id_prefix": "text",
  "edd_content_id_suffix": "text",
  "edd_frequent_shopper_enabled": "checkbox",
  "edd_vip_client_enabled": "checkbox",
  "edd_big_whale_enabled": "checkbox",
  "edd_purchase_enabled": "checkbox",
  "edd_initiate_checkout_enabled": "checkbox",
  "edd_remove_from_cart_enabled": "checkbox",
  "edd_add_to_cart_enabled": "checkbox",
  "edd_view_content_enabled": "checkbox",
  "edd_view_category_enabled": "checkbox",

  "fdp_content_type" : "select",
  "fdp_view_content_enabled": "checkbox",
  "fdp_view_category_enabled": "checkbox",
  "fdp_add_to_cart_enabled": "checkbox",
  "fdp_add_to_cart_event_fire_scroll": "text",
  "fdp_add_to_cart_event_fire": "select",
  "fdp_add_to_cart_event_fire_css": "text",
  "fdp_purchase_enabled": "checkbox",
  "fdp_purchase_event_fire" : "select",
  "fdp_purchase_event_fire_scroll": "text",
  "fdp_purchase_event_fire_css": "text",
  "fdp_pixel_id": "text",
  "fdp_use_own_pixel_id": "checkbox",
  "fdp_currency" : "select",
  "fdp_add_to_cart_value" : "text",
  "fdp_purchase_value" : "text",

  "use_server_api": "checkbox",
  "server_access_api_token": "array_v",
  "test_api_event_code": "array_v",
  "test_api_event_code_expiration_at": "array_v",

  "woo_complete_registration_percent_value": "text",
  "woo_complete_registration_global_value": "text",
  "woo_complete_registration_fire_every_time": "checkbox",
  "woo_complete_registration_use_custom_value": "checkbox",
  "woo_complete_registration_custom_value": "radio",
  "woo_complete_registration_custom_value_old": "radio",
  "woo_complete_registration_send_from_server": "checkbox",

  "send_external_id": "checkbox",
  "verify_meta_tag": "array_textarea",

  "wcf_cart_flows_event_enabled": "checkbox",
  "wcf_step_event_enabled": "checkbox",
  "wcf_bump_event_enabled": "checkbox",
  "wcf_pixel_id":"text",
  "wcf_server_access_api_token": "text",
  "wcf_test_api_event_code":  "text",
  "wcf_verify_meta_tag":  "text",


  "automatic_event_internal_link_enabled": "checkbox",
  "automatic_event_outbound_link_enabled": "checkbox",
  "automatic_event_video_enabled": "checkbox",
  "automatic_event_tel_link_enabled": "checkbox",
  "automatic_event_email_link_enabled": "checkbox",
  "automatic_event_form_enabled": "checkbox",
  "automatic_event_signup_enabled": "checkbox",
  "automatic_event_login_enabled": "checkbox",
  "automatic_event_download_enabled": "checkbox",
  "automatic_event_comment_enabled": "checkbox",
  "automatic_event_adsense_enabled": "checkbox",
  "automatic_event_scroll_enabled": "checkbox",
  "automatic_event_time_on_page_enabled": "checkbox",
  "automatic_event_search_enabled": "checkbox"

}