{
  "enabled": true,

  "pixel_id": "",
  "category_pixel_ids": "",
  "category_pixel_server_ids": "",
  "category_pixel_server_test_code": "",
  "hide_this_tag": false,
  "hide_this_tag_contain": [],
  "hide_this_tag_timeout": 24,

  "hide_this_url": false,
  "hide_this_url_contain": [],

  "advanced_matching_enabled": false,
  "remove_metadata": false,
  "pixel_lang": "",

  "woo_variable_as_simple": false,
  "woo_content_id": "product_id",
  "woo_content_id_prefix": "",
  "woo_content_id_suffix": "",
  "woo_content_id_logic": "default",
  "woo_frequent_shopper_enabled": true,
  "woo_vip_client_enabled": true,
  "woo_big_whale_enabled": true,
  "woo_purchase_enabled": true,
  "woo_initiate_checkout_enabled": true,
  "woo_remove_from_cart_enabled": true,
  "woo_add_to_cart_enabled": true,
  "woo_view_content_enabled": true,
  "woo_view_category_enabled": true,
  "woo_affiliate_enabled": true,
  "woo_paypal_enabled": true,

  "edd_category_pixel_ids": "",
  "edd_category_pixel_server_ids": "",
  "edd_category_pixel_server_test_code": "",
  "edd_content_id": "download_id",
  "edd_content_id_prefix": "",
  "edd_content_id_suffix": "",
  "edd_frequent_shopper_enabled": true,
  "edd_vip_client_enabled": true,
  "edd_big_whale_enabled": true,
  "edd_purchase_enabled": true,
  "edd_initiate_checkout_enabled": true,
  "edd_remove_from_cart_enabled": true,
  "edd_add_to_cart_enabled": true,
  "edd_view_content_enabled": true,
  "edd_view_category_enabled": true,

  "fdp_content_type" : "product",
  "fdp_view_content_enabled": false,
  "fdp_view_category_enabled": false,
  "fdp_add_to_cart_enabled": false,
  "fdp_add_to_cart_event_fire_scroll": "50",
  "fdp_add_to_cart_event_fire": "scroll_pos",
  "fdp_add_to_cart_event_fire_css": "",
  "fdp_purchase_enabled": false,
  "fdp_purchase_event_fire" : "scroll_pos",
  "fdp_purchase_event_fire_scroll": "90",
  "fdp_purchase_event_fire_css": "",
  "fdp_pixel_id": "",
  "fdp_use_own_pixel_id": false,
  "fdp_currency" : "USD",
  "fdp_add_to_cart_value" : "0",
  "fdp_purchase_value" : "0",

  "use_server_api": false,
  "server_access_api_token": "",
  "test_api_event_code": "",
  "test_api_event_code_expiration_at": "",

  "woo_complete_registration_fire_every_time": false,
  "woo_complete_registration_use_custom_value": true,
  "woo_complete_registration_custom_value": "price",
  "woo_complete_registration_percent_value": "",
  "woo_complete_registration_global_value": "",
  "woo_complete_registration_custom_value_old": "",
  "woo_complete_registration_send_from_server": true,

  "send_external_id": true,
  "verify_meta_tag": "",

  "wcf_cart_flows_event_enabled": true,
  "wcf_step_event_enabled": true,
  "wcf_bump_event_enabled": true,

  "wcf_pixel_id":"",
  "wcf_server_access_api_token": "",
  "wcf_test_api_event_code":  "",
  "wcf_verify_meta_tag":  "",

  "automatic_event_internal_link_enabled": true,
  "automatic_event_outbound_link_enabled": true,
  "automatic_event_video_enabled": true,
  "automatic_event_tel_link_enabled": true,
  "automatic_event_email_link_enabled": true,
  "automatic_event_form_enabled": true,
  "automatic_event_signup_enabled": false,
  "automatic_event_login_enabled": true,
  "automatic_event_download_enabled": true,
  "automatic_event_comment_enabled": true,
  "automatic_event_adsense_enabled": true,
  "automatic_event_scroll_enabled": true,
  "automatic_event_time_on_page_enabled": true,
  "automatic_event_search_enabled": true
}