{
  "enabled": "checkbox",
  "license_key": "text",
  "license_status": "text",
  "license_expires" : "text",
  "enhanced_matching_enabled": "checkbox",

  "hide_this_tag": "checkbox",
  "hide_this_tag_contain": "multi_select",
  "hide_this_tag_timeout": "number",
  "reset_hide_tag_timeout": "checkbox",

  "hide_this_url": "checkbox",
  "hide_this_url_contain": "multi_select",

  "pixel_id": "array",
  "adsense_enabled": "checkbox",
  "click_event_enabled": "checkbox",
  "watchvideo_event_enabled": "checkbox",
  "download_event_enabled": "checkbox",
  "complete_registration_event_enabled": "checkbox",
  "comment_event_enabled": "checkbox",
  "form_event_enabled": "checkbox",
  "use_server_api": "checkbox",
  "server_access_api_token": "array_v",
  "ad_account_id": "array_v",

  "page_view_woo_products_pages": "checkbox",
  "page_view_edd_products_pages": "checkbox",
  "page_view_post_enabled": "checkbox",
  "page_view_page_enabled": "checkbox",
  "page_view_custom_post_enabled": "array",

  "woo_variable_as_simple": "checkbox",
  "woo_content_id": "select",
  "woo_content_id_prefix": "text",
  "woo_content_id_suffix": "text",

  "woo_frequent_shopper_enabled": "checkbox",
  "woo_vip_client_enabled": "checkbox",
  "woo_big_whale_enabled": "checkbox",
  "woo_purchase_enabled": "checkbox",
  "woo_initiate_checkout_enabled": "checkbox",
  "woo_remove_from_cart_enabled": "checkbox",
  "woo_add_to_cart_enabled": "checkbox",
  "woo_view_content_enabled": "checkbox",
  "woo_view_category_enabled": "checkbox",
  "woo_affiliate_enabled": "checkbox",
  "woo_paypal_enabled": "checkbox",

  "edd_content_id": "select",
  "edd_content_id_prefix": "text",
  "edd_content_id_suffix": "text",

  "edd_frequent_shopper_enabled": "checkbox",
  "edd_vip_client_enabled": "checkbox",
  "edd_big_whale_enabled": "checkbox",
  "edd_checkout_enabled": "checkbox",
  "edd_initiate_checkout_enabled": "checkbox",
  "edd_remove_from_cart_enabled": "checkbox",
  "edd_add_to_cart_enabled": "checkbox",
  "edd_page_visit_enabled": "checkbox",
  "edd_view_category_enabled": "checkbox",
  "verify_meta_tag": "array_textarea",

  "wcf_cart_flows_event_enabled": "checkbox",
  "wcf_step_event_enabled": "checkbox",
  "wcf_bump_event_enabled": "checkbox",
  "wcf_pixel_id":"text",
  "wcf_verify_meta_tag":  "text",

  "automatic_event_internal_link_enabled": "checkbox",
  "automatic_event_outbound_link_enabled": "checkbox",
  "automatic_event_video_enabled": "checkbox",
  "automatic_event_tel_link_enabled": "checkbox",
  "automatic_event_email_link_enabled": "checkbox",
  "automatic_event_form_enabled": "checkbox",
  "automatic_event_signup_enabled": "checkbox",
  "automatic_event_login_enabled": "checkbox",
  "automatic_event_download_enabled": "checkbox",
  "automatic_event_comment_enabled": "checkbox",
  "automatic_event_adsense_enabled": "checkbox",
  "automatic_event_scroll_enabled": "checkbox",
  "automatic_event_time_on_page_enabled": "checkbox",
  "automatic_event_search_enabled": "checkbox",

  "logs_enable": "checkbox"
}