{
  "enabled": true,
  "license_key": "",
  "license_status": "",
  "license_expires" : "",
  "enhanced_matching_enabled": true,

  "hide_this_tag": false,
  "hide_this_tag_contain": [],
  "hide_this_tag_timeout": 24,
  "reset_hide_tag_timeout": false,

  "hide_this_url": false,
  "hide_this_url_contain": [],

  "pixel_id": "",
  "adsense_enabled": true,
  "click_event_enabled": true,
  "watchvideo_event_enabled": true,
  "download_event_enabled": true,
  "complete_registration_event_enabled": true,
  "comment_event_enabled": true,
  "form_event_enabled": true,
  "use_server_api": false,
  "server_access_api_token": "",
  "ad_account_id": "",

  "page_view_woo_products_pages": true,
  "page_view_edd_products_pages": true,
  "page_view_post_enabled": false,
  "page_view_page_enabled": false,
  "page_view_custom_post_enabled": false,

  "woo_variable_as_simple": false,
  "woo_content_id": "product_id",
  "woo_content_id_prefix": "",
  "woo_content_id_suffix": "",

  "woo_frequent_shopper_enabled": true,
  "woo_vip_client_enabled": true,
  "woo_big_whale_enabled": true,
  "woo_purchase_enabled": true,
  "woo_initiate_checkout_enabled": true,
  "woo_remove_from_cart_enabled": true,
  "woo_add_to_cart_enabled": true,
  "woo_view_content_enabled": true,
  "woo_view_category_enabled": true,
  "woo_affiliate_enabled": true,
  "woo_paypal_enabled": true,

  "edd_content_id": "download_id",
  "edd_content_id_prefix": "",
  "edd_content_id_suffix": "",

  "edd_frequent_shopper_enabled": true,
  "edd_vip_client_enabled": true,
  "edd_big_whale_enabled": true,
  "edd_checkout_enabled": true,
  "edd_initiate_checkout_enabled": true,
  "edd_remove_from_cart_enabled": true,
  "edd_add_to_cart_enabled": true,
  "edd_page_visit_enabled": true,
  "edd_view_category_enabled": true,
  "verify_meta_tag": "",

  "wcf_cart_flows_event_enabled": true,
  "wcf_step_event_enabled": true,
  "wcf_bump_event_enabled": true,
  "wcf_pixel_id":"",
  "wcf_verify_meta_tag":  "",

  "automatic_event_internal_link_enabled": false,
  "automatic_event_outbound_link_enabled": false,
  "automatic_event_video_enabled": false,
  "automatic_event_tel_link_enabled": false,
  "automatic_event_email_link_enabled": false,
  "automatic_event_form_enabled": false,
  "automatic_event_signup_enabled": false,
  "automatic_event_login_enabled": false,
  "automatic_event_download_enabled": false,
  "automatic_event_comment_enabled": false,
  "automatic_event_adsense_enabled": false,
  "automatic_event_scroll_enabled": false,
  "automatic_event_time_on_page_enabled": false,
  "automatic_event_search_enabled": false,

  "logs_enable": false
}