{
  "enabled": "checkbox",
  "pixel_id": "array",
  "advanced_matching_enabled": "checkbox",

  "hide_this_tag": "checkbox",
  "hide_this_tag_contain": "multi_select",
  "hide_this_tag_timeout": "number",

  "hide_this_url": "checkbox",
  "hide_this_url_contain": "multi_select",

  "woo_variable_as_simple": "checkbox",
  "woo_content_id": "select",
  "woo_content_id_prefix": "text",
  "woo_content_id_suffix": "text",
  "woo_content_id_logic": "radio",

  "woo_add_to_cart_enabled": "checkbox",
  "woo_view_content_enabled": "checkbox",
  "woo_initiate_checkout_enabled": "checkbox",
  "woo_purchase_enabled": "checkbox",
  "woo_compete_payment_enabled": "checkbox",

  "edd_add_to_cart_enabled": "checkbox",
  "edd_initiate_checkout_enabled": "checkbox",
  "edd_purchase_enabled": "checkbox",
  "edd_view_content_enabled": "checkbox",
  "edd_complete_payment_enabled": "checkbox",

  "automatic_event_internal_link_enabled": "checkbox",
  "automatic_event_outbound_link_enabled": "checkbox",
  "automatic_event_form_enabled": "checkbox",
  "automatic_event_signup_enabled": "checkbox",
  "automatic_event_download_enabled": "checkbox",
  "automatic_event_search_enabled": "checkbox",

  "use_server_api": "checkbox",
  "server_access_api_token": "array_v",
  "test_api_event_code": "array_v",
  "test_api_event_code_expiration_at": "array_v",

  "logs_enable": "checkbox"
}