{
  "enabled": true,
  "pixel_id": "",
  "advanced_matching_enabled": true,

  "hide_this_tag": false,
  "hide_this_tag_contain": [],
  "hide_this_tag_timeout": 24,

  "hide_this_url": false,
  "hide_this_url_contain": [],

  "woo_variable_as_simple": false,
  "woo_content_id": "product_id",
  "woo_content_id_prefix": "",
  "woo_content_id_suffix": "",
  "woo_content_id_logic": "default",

  "woo_add_to_cart_enabled": true,
  "woo_view_content_enabled": true,
  "woo_initiate_checkout_enabled": true,
  "woo_purchase_enabled": true,
  "woo_compete_payment_enabled": true,

  "edd_add_to_cart_enabled": true,
  "edd_initiate_checkout_enabled": true,
  "edd_purchase_enabled": true,
  "edd_view_content_enabled": true,
  "edd_complete_payment_enabled": true,

  "automatic_event_internal_link_enabled": true,
  "automatic_event_outbound_link_enabled": true,
  "automatic_event_form_enabled": false,
  "automatic_event_signup_enabled": true,
  "automatic_event_download_enabled": true,
  "automatic_event_search_enabled": true,

  "use_server_api": false,
  "server_access_api_token": "",
  "test_api_event_code": "",
  "test_api_event_code_expiration_at": "",

  "logs_enable": false
}