{
  "enabled": true,
  "ads_ids": "",
  "pixel_lang": "",

  "hide_this_tag": false,
  "hide_this_tag_contain": [],
  "hide_this_tag_timeout": 24,

  "hide_this_url": false,
  "hide_this_url_contain": [],

  "woo_variable_as_simple": false,
  "woo_content_id": "product_id",
  "woo_item_id_prefix": "",
  "woo_item_id_suffix": "",
  "woo_purchase_enabled": true,
  "woo_purchase_conversion_labels": [],
  "woo_initiate_checkout_conversion_labels": [],
  "woo_remove_from_cart_conversion_labels": [],
  "woo_add_to_cart_enabled": true,
  "woo_add_to_cart_conversion_labels": [],
  "woo_view_content_enabled": true,
  "woo_view_content_conversion_labels": [],
  "woo_view_category_enabled": true,
  "woo_view_category_conversion_labels": [],
  "woo_affiliate_enabled": true,
  "enhanced_conversions_manual_enabled":[],
  "woo_purchase_new_customer": true,

  "edd_content_id": "download_id",
  "edd_content_id_prefix": "",
  "edd_content_id_suffix": "",
  "edd_purchase_enabled": true,
  "edd_purchase_conversion_label": "",
  "edd_purchase_conversion_id": "",

  "edd_add_to_cart_enabled": true,
  "edd_add_to_cart_conversion_labels":[],
  "edd_view_content_enabled": true,
  "edd_view_content_conversion_labels": [],
  "edd_view_category_enabled": true,
  "edd_view_category_conversion_labels": [],

  "page_view_post_enabled": false,
  "page_view_page_enabled": false,
  "page_view_custom_post_enabled": false,
  "page_view_business_vertical": "custom",
  "verify_meta_tag": "",
  "wcf_cart_flows_event_enabled": true,
  "wcf_step_event_enabled": true,
  "wcf_bump_event_enabled": true,
  "wcf_pixel_id": "",
  "wcf_verify_meta_tag": "",

  "automatic_event_internal_link_enabled": true,
  "automatic_event_outbound_link_enabled": true,
  "automatic_event_video_enabled": true,
  "automatic_event_tel_link_enabled": true,
  "automatic_event_email_link_enabled": true,
  "automatic_event_form_enabled": true,
  "automatic_event_signup_enabled": true,
  "automatic_event_login_enabled": true,
  "automatic_event_download_enabled": true,
  "automatic_event_comment_enabled": true,
  "automatic_event_adsense_enabled": true,
  "automatic_event_scroll_enabled": true,
  "automatic_event_time_on_page_enabled": true,
  "automatic_event_search_enabled": true
}