{
  "enabled": "checkbox",
  "ads_ids": "array",
  "pixel_lang": "array_v",

  "hide_this_tag": "checkbox",
  "hide_this_tag_contain": "multi_select",
  "hide_this_tag_timeout": "number",

  "hide_this_url": "checkbox",
  "hide_this_url_contain": "multi_select",

  "woo_variable_as_simple": "checkbox",
  "woo_content_id": "select",
  "woo_item_id_prefix": "text",
  "woo_item_id_suffix": "text",
  "woo_purchase_enabled": "checkbox",
  "woo_purchase_conversion_labels": "array",
  "woo_initiate_checkout_conversion_labels": "array",
  "woo_add_to_cart_enabled": "checkbox",
  "woo_add_to_cart_conversion_labels": "array",
  "woo_view_content_enabled": "checkbox",
  "woo_view_content_conversion_labels": "array",
  "woo_view_category_enabled": "checkbox",
  "woo_view_category_conversion_labels": "array",
  "woo_affiliate_enabled": "checkbox",
  "woo_purchase_new_customer" : "checkbox",
  "enhanced_conversions_manual_enabled":"array",

  "edd_content_id": "select",
  "edd_content_id_prefix": "text",
  "edd_content_id_suffix": "text",
  "edd_purchase_enabled": "checkbox",
  "edd_purchase_conversion_labels": "array",

  "edd_add_to_cart_enabled": "checkbox",
  "edd_add_to_cart_conversion_labels": "array",
  "edd_view_content_enabled": "checkbox",
  "edd_view_content_conversion_labels": "array",
  "edd_view_category_enabled": "checkbox",
  "edd_view_category_conversion_labels": "array",

  "page_view_post_enabled": "checkbox",
  "page_view_page_enabled": "checkbox",
  "page_view_custom_post_enabled": "array",
  "page_view_business_vertical": "text",
  "verify_meta_tag": "array_textarea",

  "wcf_cart_flows_event_enabled": "checkbox",
  "wcf_step_event_enabled": "checkbox",
  "wcf_bump_event_enabled": "checkbox",
  "wcf_pixel_id": "text",
  "wcf_verify_meta_tag": "text",

  "automatic_event_internal_link_enabled": "checkbox",
  "automatic_event_outbound_link_enabled": "checkbox",
  "automatic_event_video_enabled": "checkbox",
  "automatic_event_tel_link_enabled": "checkbox",
  "automatic_event_email_link_enabled": "checkbox",
  "automatic_event_form_enabled": "checkbox",
  "automatic_event_signup_enabled": "checkbox",
  "automatic_event_login_enabled": "checkbox",
  "automatic_event_download_enabled": "checkbox",
  "automatic_event_comment_enabled": "checkbox",
  "automatic_event_adsense_enabled": "checkbox",
  "automatic_event_scroll_enabled": "checkbox",
  "automatic_event_time_on_page_enabled": "checkbox",
  "automatic_event_search_enabled": "checkbox"
}